item_id,name,rarity_level,category,image_url,local_image_path,detail_url,trade_status,current_price,price_3d,price_7d,price_30d,today_change_percent,change_3d_percent,change_7d_percent,change_30d_percent,source_pages
p1492,G.T.I.制式勋章,6,工艺藏品,https://orzice.com/oss/sjzPic?u=p1492,data/collections/images/p1492_G.T.I.制式勋章.png,https://orzice.com/v/info/p1492,禁止交易,,,,,,,,,scp_book
p1495,G.T.I.勇气勋章,6,工艺藏品,https://orzice.com/oss/sjzPic?u=p1495,data/collections/images/p1495_G.T.I.勇气勋章.png,https://orzice.com/v/info/p1495,禁止交易,,,,,,,,,scp_book
p1496,“六”级弹,6,工艺藏品,https://orzice.com/oss/sjzPic?u=p1496,data/collections/images/p1496_“六”级弹.png,https://orzice.com/v/info/p1496,禁止交易,,,,,,,,,scp_book
1040,“天圆地方”,6,工艺藏品,https://orzice.com/oss/sjzPic?u=1040,data/collections/images/1040_“天圆地方”.png,https://orzice.com/v/info/1040,交易行上架,,525843,525843,578433,,10.0,10.0,0.0,"collection,scp_book"
1047,“纵横”,6,工艺藏品,https://orzice.com/oss/sjzPic?u=1047,data/collections/images/1047_“纵横”.png,https://orzice.com/v/info/1047,交易行上架,,2,2,2,,20.0,20.0,9.09,"collection,scp_book"
948,万足金条,6,工艺藏品,https://orzice.com/oss/sjzPic?u=948,data/collections/images/948_万足金条.png,https://orzice.com/v/info/948,任意都行,,333903,333903,333903,,0.0,0.0,0.0,"collection,scp_book"
1048,万金泪冠,6,工艺藏品,https://orzice.com/oss/sjzPic?u=1048,data/collections/images/1048_万金泪冠.png,https://orzice.com/v/info/1048,交易行上架,,2,2,2,,5.0,5.0,-12.5,"collection,scp_book"
1041,主战坦克模型,6,工艺藏品,https://orzice.com/oss/sjzPic?u=1041,data/collections/images/1041_主战坦克模型.png,https://orzice.com/v/info/1041,交易行上架,,2,2,2,,-5.0,-5.0,-5.0,"collection,scp_book"
p186,乙巳玄武,6,工艺藏品,https://orzice.com/oss/sjzPic?u=p186,data/collections/images/p186_乙巳玄武.png,https://orzice.com/v/info/p186,禁止交易,,,,,,,,,scp_book
1042,克劳迪乌斯半身像,6,工艺藏品,https://orzice.com/oss/sjzPic?u=1042,data/collections/images/1042_克劳迪乌斯半身像.png,https://orzice.com/v/info/1042,交易行上架,,1,1,1,,0.0,0.0,-4.76,"collection,scp_book"
p1347,勇者之证,6,工艺藏品,https://orzice.com/oss/sjzPic?u=p1347,data/collections/images/p1347_勇者之证.png,https://orzice.com/v/info/p1347,禁止交易,,,,,,,,,scp_book
1203,印象派名画,6,工艺藏品,https://orzice.com/oss/sjzPic?u=1203,data/collections/images/1203_印象派名画.png,https://orzice.com/v/info/1203,交易行上架,,2,2,2,,0.0,0.0,0.0,"collection,scp_book"
1226,名窑瓷器,6,工艺藏品,https://orzice.com/oss/sjzPic?u=1226,data/collections/images/1226_名窑瓷器.png,https://orzice.com/v/info/1226,交易行上架,,1,1,1,,0.0,0.0,0.0,"collection,scp_book"
949,名贵机械表,6,工艺藏品,https://orzice.com/oss/sjzPic?u=949,data/collections/images/949_名贵机械表.png,https://orzice.com/v/info/949,任意都行,,212469,212469,212469,,0.0,0.0,0.0,"collection,scp_book"
p189,吴彦祖之镜,6,工艺藏品,https://orzice.com/oss/sjzPic?u=p189,data/collections/images/p189_吴彦祖之镜.png,https://orzice.com/v/info/p189,禁止交易,,,,,,,,,scp_book
p1491,哈夫克制式勋章,6,工艺藏品,https://orzice.com/oss/sjzPic?u=p1491,data/collections/images/p1491_哈夫克制式勋章.png,https://orzice.com/v/info/p1491,禁止交易,,,,,,,,,scp_book
p1494,哈夫克精英勋章,6,工艺藏品,https://orzice.com/oss/sjzPic?u=p1494,data/collections/images/p1494_哈夫克精英勋章.png,https://orzice.com/v/info/p1494,禁止交易,,,,,,,,,scp_book
p1497,契约之钥,6,工艺藏品,https://orzice.com/oss/sjzPic?u=p1497,data/collections/images/p1497_契约之钥.png,https://orzice.com/v/info/p1497,禁止交易,,,,,,,,,scp_book
p1337,巨兽机甲,6,工艺藏品,https://orzice.com/oss/sjzPic?u=p1337,data/collections/images/p1337_巨兽机甲.png,https://orzice.com/v/info/p1337,禁止交易,,,,,,,,,scp_book
p188,幸运木雕,6,工艺藏品,https://orzice.com/oss/sjzPic?u=p188,data/collections/images/p188_幸运木雕.png,https://orzice.com/v/info/p188,禁止交易,,,,,,,,,scp_book
p1119,手办-阿米娅（近卫）,6,工艺藏品,https://orzice.com/oss/sjzPic?u=p1119,data/collections/images/p1119_手办-阿米娅（近卫）.png,https://orzice.com/v/info/p1119,禁止交易,,,,,,,,,scp_book
p1488,手办：劳拉（崛起）,6,工艺藏品,https://orzice.com/oss/sjzPic?u=p1488,data/collections/images/p1488_手办：劳拉（崛起）.png,https://orzice.com/v/info/p1488,禁止交易,,,,,,,,,scp_book
p1350,手弩赤小枭,6,工艺藏品,https://orzice.com/oss/sjzPic?u=p1350,data/collections/images/p1350_手弩赤小枭.png,https://orzice.com/v/info/p1350,禁止交易,,,,,,,,,scp_book
1049,棘龙爪化石,6,工艺藏品,https://orzice.com/oss/sjzPic?u=1049,data/collections/images/1049_棘龙爪化石.png,https://orzice.com/v/info/1049,任意都行,,350040,350040,350040,,0.0,0.0,0.0,"collection,scp_book"
1045,步战车模型,6,工艺藏品,https://orzice.com/oss/sjzPic?u=1045,data/collections/images/1045_步战车模型.png,https://orzice.com/v/info/1045,交易行上架,,1,1,1,,0.0,0.0,-5.0,"collection,scp_book"
p1294,比利狼,6,工艺藏品,https://orzice.com/oss/sjzPic?u=p1294,data/collections/images/p1294_比利狼.png,https://orzice.com/v/info/p1294,禁止交易,,,,,,,,,scp_book
1204,海洋之泪,6,工艺藏品,https://orzice.com/oss/sjzPic?u=1204,data/collections/images/1204_海洋之泪.png,https://orzice.com/v/info/1204,交易行上架,,2,2,2,,-2.13,-9.8,2.22,"collection,scp_book"
1046,滑膛枪展品,6,工艺藏品,https://orzice.com/oss/sjzPic?u=1046,data/collections/images/1046_滑膛枪展品.png,https://orzice.com/v/info/1046,交易行上架,,669130,669130,702590,,5.0,5.0,0.0,"collection,scp_book"
p1456,炫彩乌小蛋,6,工艺藏品,https://orzice.com/oss/sjzPic?u=p1456,data/collections/images/p1456_炫彩乌小蛋.png,https://orzice.com/v/info/p1456,禁止交易,,,,,,,,,scp_book
p1089,炫彩克小圈,6,工艺藏品,https://orzice.com/oss/sjzPic?u=p1089,data/collections/images/p1089_炫彩克小圈.png,https://orzice.com/v/info/p1089,禁止交易,,,,,,,,,scp_book
p1249,炫彩兰小登,6,工艺藏品,https://orzice.com/oss/sjzPic?u=p1249,data/collections/images/p1249_炫彩兰小登.png,https://orzice.com/v/info/p1249,禁止交易,,,,,,,,,scp_book
p1349,炫彩威小龙,6,工艺藏品,https://orzice.com/oss/sjzPic?u=p1349,data/collections/images/p1349_炫彩威小龙.png,https://orzice.com/v/info/p1349,禁止交易,,,,,,,,,scp_book
p1295,炫彩拉小宅,6,工艺藏品,https://orzice.com/oss/sjzPic?u=p1295,data/collections/images/p1295_炫彩拉小宅.png,https://orzice.com/v/info/p1295,禁止交易,,,,,,,,,scp_book
p1287,炫彩鸟蛋,6,工艺藏品,https://orzice.com/oss/sjzPic?u=p1287,data/collections/images/p1287_炫彩鸟蛋.png,https://orzice.com/v/info/p1287,禁止交易,,,,,,,,,scp_book
p187,炫彩麦小蛋,6,工艺藏品,https://orzice.com/oss/sjzPic?u=p187,data/collections/images/p187_炫彩麦小蛋.png,https://orzice.com/v/info/p187,禁止交易,,,,,,,,,scp_book
p1296,烽火世界杯纪念奖杯,6,工艺藏品,https://orzice.com/oss/sjzPic?u=p1296,data/collections/images/p1296_烽火世界杯纪念奖杯.png,https://orzice.com/v/info/p1296,禁止交易,,,,,,,,,scp_book
p1489,肯小桶,6,工艺藏品,https://orzice.com/oss/sjzPic?u=p1489,data/collections/images/p1489_肯小桶.png,https://orzice.com/v/info/p1489,禁止交易,,,,,,,,,scp_book
p1120,至纯源石,6,工艺藏品,https://orzice.com/oss/sjzPic?u=p1120,data/collections/images/p1120_至纯源石.png,https://orzice.com/v/info/p1120,禁止交易,,,,,,,,,scp_book
950,赛伊德的怀表,6,工艺藏品,https://orzice.com/oss/sjzPic?u=950,data/collections/images/950_赛伊德的怀表.png,https://orzice.com/v/info/950,任意都行,,216831,216831,216831,,0.0,0.0,0.0,"collection,scp_book"
1217,鎏金卡牌,6,工艺藏品,https://orzice.com/oss/sjzPic?u=1217,data/collections/images/1217_鎏金卡牌.png,https://orzice.com/v/info/1217,任意都行,,197787,197787,197787,,0.0,0.0,0.0,"collection,scp_book"
p1490,阿萨拉制式勋章,6,工艺藏品,https://orzice.com/oss/sjzPic?u=p1490,data/collections/images/p1490_阿萨拉制式勋章.png,https://orzice.com/v/info/p1490,禁止交易,,,,,,,,,scp_book
p1493,阿萨拉赤忱勋章,6,工艺藏品,https://orzice.com/oss/sjzPic?u=p1493,data/collections/images/p1493_阿萨拉赤忱勋章.png,https://orzice.com/v/info/p1493,禁止交易,,,,,,,,,scp_book
1050,雷斯的留声机,6,工艺藏品,https://orzice.com/oss/sjzPic?u=1050,data/collections/images/1050_雷斯的留声机.png,https://orzice.com/v/info/1050,交易行上架,,1,1,1,,0.0,0.0,0.0,"collection,scp_book"
1044,非洲之心,6,工艺藏品,https://orzice.com/oss/sjzPic?u=1044,data/collections/images/1044_非洲之心.png,https://orzice.com/v/info/1044,交易行上架,,1,1,1,,-5.0,-5.0,0.0,"collection,scp_book"
p1391,马上起飞,6,工艺藏品,https://orzice.com/oss/sjzPic?u=p1391,data/collections/images/p1391_马上起飞.png,https://orzice.com/v/info/p1391,禁止交易,,,,,,,,,scp_book
p1348,马上转运,6,工艺藏品,https://orzice.com/oss/sjzPic?u=p1348,data/collections/images/p1348_马上转运.png,https://orzice.com/v/info/p1348,禁止交易,,,,,,,,,scp_book
1043,黄金瞪羚,6,工艺藏品,https://orzice.com/oss/sjzPic?u=1043,data/collections/images/1043_黄金瞪羚.png,https://orzice.com/v/info/1043,交易行上架,,432780,432780,432780,,5.26,5.26,5.26,"collection,scp_book"
1227,黄金鳄鱼头雕像,6,工艺藏品,https://orzice.com/oss/sjzPic?u=1227,data/collections/images/1227_黄金鳄鱼头雕像.png,https://orzice.com/v/info/1227,交易行上架,,521227,521227,548662,,0.0,0.0,-5.0,"collection,scp_book"
p1250,黄金鸟窝,6,工艺藏品,https://orzice.com/oss/sjzPic?u=p1250,data/collections/images/p1250_黄金鸟窝.png,https://orzice.com/v/info/p1250,禁止交易,,,,,,,,,scp_book
p1286,黄金鸟蛋,6,工艺藏品,https://orzice.com/oss/sjzPic?u=p1286,data/collections/images/p1286_黄金鸟蛋.png,https://orzice.com/v/info/p1286,禁止交易,,,,,,,,,scp_book
964,三角蚌小珍珠,5,工艺藏品,https://orzice.com/oss/sjzPic?u=964,data/collections/images/964_三角蚌小珍珠.png,https://orzice.com/v/info/964,任意都行,,56760,56760,56760,,0.0,0.0,0.0,"collection,scp_book"
p1460,乌小蛋,5,工艺藏品,https://orzice.com/oss/sjzPic?u=p1460,data/collections/images/p1460_乌小蛋.png,https://orzice.com/v/info/p1460,禁止交易,,,,,,,,,scp_book
956,亮闪闪的海盗金币,5,工艺藏品,https://orzice.com/oss/sjzPic?u=956,data/collections/images/956_亮闪闪的海盗金币.png,https://orzice.com/v/info/956,任意都行,,58234,58234,58234,,0.0,0.0,0.0,"collection,scp_book"
958,优秀雇员奖杯,5,工艺藏品,https://orzice.com/oss/sjzPic?u=958,data/collections/images/958_优秀雇员奖杯.png,https://orzice.com/v/info/958,交易行上架,,68458,78733,109558,,20.01,4.35,-25.01,"collection,scp_book"
p1100,克小圈,5,工艺藏品,https://orzice.com/oss/sjzPic?u=p1100,data/collections/images/p1100_克小圈.png,https://orzice.com/v/info/p1100,禁止交易,,,,,,,,,scp_book
p1256,兰小登,5,工艺藏品,https://orzice.com/oss/sjzPic?u=p1256,data/collections/images/p1256_兰小登.png,https://orzice.com/v/info/p1256,禁止交易,,,,,,,,,scp_book
960,功绩勋章,5,工艺藏品,https://orzice.com/oss/sjzPic?u=960,data/collections/images/960_功绩勋章.png,https://orzice.com/v/info/960,任意都行,,82213,82213,82213,,0.0,0.0,0.0,"collection,scp_book"
p1500,勇毅之钥,5,工艺藏品,https://orzice.com/oss/sjzPic?u=p1500,data/collections/images/p1500_勇毅之钥.png,https://orzice.com/v/info/p1500,禁止交易,,,,,,,,,scp_book
953,卫队金扳指,5,工艺藏品,https://orzice.com/oss/sjzPic?u=953,data/collections/images/953_卫队金扳指.png,https://orzice.com/v/info/953,交易行上架,,87317,97802,97802,,16.01,3.57,3.57,"collection,scp_book"
962,发条八音盒,5,工艺藏品,https://orzice.com/oss/sjzPic?u=962,data/collections/images/962_发条八音盒.png,https://orzice.com/v/info/962,任意都行,,59277,59277,59277,,0.0,0.0,0.0,"collection,scp_book"
p1360,威小龙,5,工艺藏品,https://orzice.com/oss/sjzPic?u=p1360,data/collections/images/p1360_威小龙.png,https://orzice.com/v/info/p1360,禁止交易,,,,,,,,,scp_book
p1338,幸运圆蛋,5,工艺藏品,https://orzice.com/oss/sjzPic?u=p1338,data/collections/images/p1338_幸运圆蛋.png,https://orzice.com/v/info/p1338,禁止交易,,,,,,,,,scp_book
951,座钟,5,工艺藏品,https://orzice.com/oss/sjzPic?u=951,data/collections/images/951_座钟.png,https://orzice.com/v/info/951,任意都行,,199972,199972,199972,,0.0,0.0,0.0,"collection,scp_book"
954,心灵感应.魔方,5,工艺藏品,https://orzice.com/oss/sjzPic?u=954,data/collections/images/954_心灵感应.魔方.png,https://orzice.com/v/info/954,任意都行,,63411,66751,90131,,0.0,-5.0,-29.65,"collection,scp_book"
p1121,手办-阿米娅,5,工艺藏品,https://orzice.com/oss/sjzPic?u=p1121,data/collections/images/p1121_手办-阿米娅.png,https://orzice.com/v/info/p1121,禁止交易,,,,,,,,,scp_book
p1498,手办：劳拉,5,工艺藏品,https://orzice.com/oss/sjzPic?u=p1498,data/collections/images/p1498_手办：劳拉.png,https://orzice.com/v/info/p1498,禁止交易,,,,,,,,,scp_book
p1299,拉小宅,5,工艺藏品,https://orzice.com/oss/sjzPic?u=p1299,data/collections/images/p1299_拉小宅.png,https://orzice.com/v/info/p1299,禁止交易,,,,,,,,,scp_book
p1122,明日方舟OST-1,5,工艺藏品,https://orzice.com/oss/sjzPic?u=p1122,data/collections/images/p1122_明日方舟OST-1.png,https://orzice.com/v/info/p1122,禁止交易,,,,,,,,,scp_book
947,本地特色首饰,5,工艺藏品,https://orzice.com/oss/sjzPic?u=947,data/collections/images/947_本地特色首饰.png,https://orzice.com/v/info/947,交易行上架,,378951,398896,378951,,0.0,-5.0,0.0,"collection,scp_book"
1205,格赫罗斯的审判,5,工艺藏品,https://orzice.com/oss/sjzPic?u=1205,data/collections/images/1205_格赫罗斯的审判.png,https://orzice.com/v/info/1205,交易行上架,,70901,81041,108081,,23.84,8.34,-18.76,"collection,scp_book"
955,渡鸦项坠,5,工艺藏品,https://orzice.com/oss/sjzPic?u=955,data/collections/images/955_渡鸦项坠.png,https://orzice.com/v/info/955,交易行上架,,63471,85696,104746,,60.03,18.52,-3.03,"collection,scp_book"
p1501,牺牲之钥,5,工艺藏品,https://orzice.com/oss/sjzPic?u=p1501,data/collections/images/p1501_牺牲之钥.png,https://orzice.com/v/info/p1501,禁止交易,,,,,,,,,scp_book
946,珠宝头冠,5,工艺藏品,https://orzice.com/oss/sjzPic?u=946,data/collections/images/946_珠宝头冠.png,https://orzice.com/v/info/946,任意都行,,145282,145282,145282,,0.0,0.0,0.0,"collection,scp_book"
957,荷美尔陶俑,5,工艺藏品,https://orzice.com/oss/sjzPic?u=957,data/collections/images/957_荷美尔陶俑.png,https://orzice.com/v/info/957,任意都行,,91550,91550,91550,,0.0,0.0,0.0,"collection,scp_book"
961,赛伊德的手弩,5,工艺藏品,https://orzice.com/oss/sjzPic?u=961,data/collections/images/961_赛伊德的手弩.png,https://orzice.com/v/info/961,任意都行,,88354,88354,97194,,0.0,0.0,-9.1,"collection,scp_book"
p1361,赤小枭,5,工艺藏品,https://orzice.com/oss/sjzPic?u=p1361,data/collections/images/p1361_赤小枭.png,https://orzice.com/v/info/p1361,禁止交易,,,,,,,,,scp_book
p1499,赤诚之钥,5,工艺藏品,https://orzice.com/oss/sjzPic?u=p1499,data/collections/images/p1499_赤诚之钥.png,https://orzice.com/v/info/p1499,禁止交易,,,,,,,,,scp_book
952,金枝桂冠,5,工艺藏品,https://orzice.com/oss/sjzPic?u=952,data/collections/images/952_金枝桂冠.png,https://orzice.com/v/info/952,任意都行,,85856,85856,85856,,0.0,0.0,0.0,"collection,scp_book"
p1359,金玫瑰,5,工艺藏品,https://orzice.com/oss/sjzPic?u=p1359,data/collections/images/p1359_金玫瑰.png,https://orzice.com/v/info/p1359,禁止交易,,,,,,,,,scp_book
1206,金笔,5,工艺藏品,https://orzice.com/oss/sjzPic?u=1206,data/collections/images/1206_金笔.png,https://orzice.com/v/info/1206,任意都行,,62567,62567,65862,,0.0,0.0,-5.0,"collection,scp_book"
963,阿萨拉特色酒杯,5,工艺藏品,https://orzice.com/oss/sjzPic?u=963,data/collections/images/963_阿萨拉特色酒杯.png,https://orzice.com/v/info/963,任意都行,,63296,63296,63296,,0.0,0.0,0.0,"collection,scp_book"
p208,高级子弹生产零件,5,工艺藏品,https://orzice.com/oss/sjzPic?u=p208,data/collections/images/p208_高级子弹生产零件.png,https://orzice.com/v/info/p208,禁止交易,,,,,,,,,scp_book
p235,麦小蛋,5,工艺藏品,https://orzice.com/oss/sjzPic?u=p235,data/collections/images/p235_麦小蛋.png,https://orzice.com/v/info/p235,禁止交易,,,,,,,,,scp_book
p263,中级子弹生产零件,4,工艺藏品,https://orzice.com/oss/sjzPic?u=p263,data/collections/images/p263_中级子弹生产零件.png,https://orzice.com/v/info/p263,禁止交易,,,,,,,,,scp_book
p1503,仁悯之钥,4,工艺藏品,https://orzice.com/oss/sjzPic?u=p1503,data/collections/images/p1503_仁悯之钥.png,https://orzice.com/v/info/p1503,禁止交易,,,,,,,,,scp_book
973,仪典匕首,4,工艺藏品,https://orzice.com/oss/sjzPic?u=973,data/collections/images/973_仪典匕首.png,https://orzice.com/v/info/973,交易行上架,,99634,118324,105864,,18.76,0.0,11.77,"collection,scp_book"
1230,典雅咖啡杯,4,工艺藏品,https://orzice.com/oss/sjzPic?u=1230,data/collections/images/1230_典雅咖啡杯.png,https://orzice.com/v/info/1230,任意都行,,15108,15108,15108,,0.0,0.0,0.0,"collection,scp_book"
970,后妃耳环,4,工艺藏品,https://orzice.com/oss/sjzPic?u=970,data/collections/images/970_后妃耳环.png,https://orzice.com/v/info/970,交易行上架,,14226,14226,14226,,0.0,0.0,0.0,"collection,scp_book"
978,图腾箭矢,4,工艺藏品,https://orzice.com/oss/sjzPic?u=978,data/collections/images/978_图腾箭矢.png,https://orzice.com/v/info/978,任意都行,,14792,14792,14792,,0.0,0.0,0.0,"collection,scp_book"
p1288,奇怪的蛋,4,工艺藏品,https://orzice.com/oss/sjzPic?u=p1288,data/collections/images/p1288_奇怪的蛋.png,https://orzice.com/v/info/p1288,禁止交易,,,,,,,,,scp_book
p1502,希望之钥,4,工艺藏品,https://orzice.com/oss/sjzPic?u=p1502,data/collections/images/p1502_希望之钥.png,https://orzice.com/v/info/p1502,禁止交易,,,,,,,,,scp_book
p1504,智慧之钥,4,工艺藏品,https://orzice.com/oss/sjzPic?u=p1504,data/collections/images/p1504_智慧之钥.png,https://orzice.com/v/info/p1504,禁止交易,,,,,,,,,scp_book
966,海盗弯刀,4,工艺藏品,https://orzice.com/oss/sjzPic?u=966,data/collections/images/966_海盗弯刀.png,https://orzice.com/v/info/966,交易行上架,,27592,27592,26137,,-5.27,-5.27,0.0,"collection,scp_book"
975,犄角墙饰,4,工艺藏品,https://orzice.com/oss/sjzPic?u=975,data/collections/images/975_犄角墙饰.png,https://orzice.com/v/info/975,交易行上架,,18508,17348,19668,,0.0,6.69,-5.9,"collection,scp_book"
971,阿萨拉特色提灯,4,工艺藏品,https://orzice.com/oss/sjzPic?u=971,data/collections/images/971_阿萨拉特色提灯.png,https://orzice.com/v/info/971,任意都行,,36440,36440,36440,,0.0,0.0,0.0,"collection,scp_book"
965,阿萨拉特色酒壶,4,工艺藏品,https://orzice.com/oss/sjzPic?u=965,data/collections/images/965_阿萨拉特色酒壶.png,https://orzice.com/v/info/965,任意都行,,25044,26714,25044,,0.0,-6.25,0.0,"collection,scp_book"
969,阿萨拉风情水壶,4,工艺藏品,https://orzice.com/oss/sjzPic?u=969,data/collections/images/969_阿萨拉风情水壶.png,https://orzice.com/v/info/969,交易行上架,,32537,32537,34712,,6.68,6.68,0.0,"collection,scp_book"
976,马赛克灯台,4,工艺藏品,https://orzice.com/oss/sjzPic?u=976,data/collections/images/976_马赛克灯台.png,https://orzice.com/v/info/976,交易行上架,,121603,129208,129208,,18.76,11.77,11.77,"collection,scp_book"
967,黄金饰章,4,工艺藏品,https://orzice.com/oss/sjzPic?u=967,data/collections/images/967_黄金饰章.png,https://orzice.com/v/info/967,交易行上架,,20680,20680,20680,,26.69,26.69,26.69,"collection,scp_book"
972,“起舞的女郎”挂饰,3,工艺藏品,https://orzice.com/oss/sjzPic?u=972,data/collections/images/972_“起舞的女郎”挂饰.png,https://orzice.com/v/info/972,交易行上架,,15922,16492,16492,,0.0,-3.46,-3.46,"collection,scp_book"
974,初级子弹生产零件,3,工艺藏品,https://orzice.com/oss/sjzPic?u=974,data/collections/images/974_初级子弹生产零件.png,https://orzice.com/v/info/974,交易行上架,,25198,25198,25198,,-8.57,-8.57,-8.57,"collection,scp_book"
977,古怪的海盗银币,3,工艺藏品,https://orzice.com/oss/sjzPic?u=977,data/collections/images/977_古怪的海盗银币.png,https://orzice.com/v/info/977,交易行上架,,10665,12000,10220,,8.35,-3.71,13.06,"collection,scp_book"
968,古老的海盗望远镜,3,工艺藏品,https://orzice.com/oss/sjzPic?u=968,data/collections/images/968_古老的海盗望远镜.png,https://orzice.com/v/info/968,任意都行,,11515,11515,11515,,0.0,0.0,0.0,"collection,scp_book"
p1124,源石碎片,3,工艺藏品,https://orzice.com/oss/sjzPic?u=p1124,data/collections/images/p1124_源石碎片.png,https://orzice.com/v/info/p1124,禁止交易,,,,,,,,,scp_book
1263,鸟雕,3,工艺藏品,https://orzice.com/oss/sjzPic?u=1263,data/collections/images/1263_鸟雕.png,https://orzice.com/v/info/1263,任意都行,,10963,10963,10963,,0.0,0.0,0.0,"collection,scp_book"
979,古老的斯芬克斯像,2,工艺藏品,https://orzice.com/oss/sjzPic?u=979,data/collections/images/979_古老的斯芬克斯像.png,https://orzice.com/v/info/979,交易行上架,,5058,5278,5058,,0.0,-4.17,0.0,"collection,scp_book"
981,太阳碟,2,工艺藏品,https://orzice.com/oss/sjzPic?u=981,data/collections/images/981_太阳碟.png,https://orzice.com/v/info/981,交易行上架,,5235,5235,5235,,0.0,0.0,0.0,"collection,scp_book"
984,残弹挂坠,2,工艺藏品,https://orzice.com/oss/sjzPic?u=984,data/collections/images/984_残弹挂坠.png,https://orzice.com/v/info/984,交易行上架,,3490,3490,3490,,0.0,0.0,0.0,"collection,scp_book"
985,锈迹斑斑的海盗铜币,2,工艺藏品,https://orzice.com/oss/sjzPic?u=985,data/collections/images/985_锈迹斑斑的海盗铜币.png,https://orzice.com/v/info/985,交易行上架,,2686,2686,2686,,0.0,0.0,0.0,"collection,scp_book"
983,阿萨拉特色陶瓷,2,工艺藏品,https://orzice.com/oss/sjzPic?u=983,data/collections/images/983_阿萨拉特色陶瓷.png,https://orzice.com/v/info/983,交易行上架,,5858,6113,6113,,0.0,-4.17,-4.17,"collection,scp_book"
980,非洲木雕,2,工艺藏品,https://orzice.com/oss/sjzPic?u=980,data/collections/images/980_非洲木雕.png,https://orzice.com/v/info/980,交易行上架,,4366,4366,4366,,0.0,0.0,0.0,"collection,scp_book"
982,非洲鼓,2,工艺藏品,https://orzice.com/oss/sjzPic?u=982,data/collections/images/982_非洲鼓.png,https://orzice.com/v/info/982,交易行上架,,4276,4466,4466,,0.0,-4.25,-4.25,"collection,scp_book"
1031,军用炮弹,6,工具材料,https://orzice.com/oss/sjzPic?u=1031,data/collections/images/1031_军用炮弹.png,https://orzice.com/v/info/1031,交易行上架,,1,1,1,,0.0,0.0,0.0,"collection,scp_book"
1027,强化碳纤维板,6,工具材料,https://orzice.com/oss/sjzPic?u=1027,data/collections/images/1027_强化碳纤维板.png,https://orzice.com/v/info/1027,交易行上架,,2,2,2,,0.0,0.0,0.0,"collection,scp_book"
p1455,测距仪,6,工具材料,https://orzice.com/oss/sjzPic?u=p1455,data/collections/images/p1455_测距仪.png,https://orzice.com/v/info/p1455,禁止交易,,,,,,,,,scp_book
p141,火箭燃料,6,工具材料,https://orzice.com/oss/sjzPic?u=p141,data/collections/images/p141_火箭燃料.png,https://orzice.com/v/info/p141,禁止交易,,,,,,,,,scp_book
1225,超声波切割刀,6,工具材料,https://orzice.com/oss/sjzPic?u=1225,data/collections/images/1225_超声波切割刀.png,https://orzice.com/v/info/1225,交易行上架,,210731,221271,252891,,0.0,-4.76,-16.67,"collection,scp_book"
1283,飞秒激光器,6,工具材料,https://orzice.com/oss/sjzPic?u=1283,data/collections/images/1283_飞秒激光器.png,https://orzice.com/v/info/1283,交易行上架,,685116,714906,983016,,4.35,0.0,-27.27,"collection,scp_book"
1030,军用炸药,5,工具材料,https://orzice.com/oss/sjzPic?u=1030,data/collections/images/1030_军用炸药.png,https://orzice.com/v/info/1030,任意都行,,135122,135122,135122,,0.0,0.0,0.0,"collection,scp_book"
1228,液压破门器,5,工具材料,https://orzice.com/oss/sjzPic?u=1228,data/collections/images/1228_液压破门器.png,https://orzice.com/v/info/1228,任意都行,,83202,83202,87582,,0.0,0.0,-5.0,"collection,scp_book"
1015,燃料电池,5,工具材料,https://orzice.com/oss/sjzPic?u=1015,data/collections/images/1015_燃料电池.png,https://orzice.com/v/info/1015,交易行上架,,389546,389546,370066,,-5.0,-5.0,0.0,"collection,scp_book"
1029,移动电缆,5,工具材料,https://orzice.com/oss/sjzPic?u=1029,data/collections/images/1029_移动电缆.png,https://orzice.com/v/info/1029,交易行上架,,143091,124191,186291,,-15.1,-2.17,-34.78,"collection,scp_book"
1028,紫外线灯,5,工具材料,https://orzice.com/oss/sjzPic?u=1028,data/collections/images/1028_紫外线灯.png,https://orzice.com/v/info/1028,任意都行,,97634,97634,97634,,0.0,0.0,0.0,"collection,scp_book"
1202,陆军万用表,5,工具材料,https://orzice.com/oss/sjzPic?u=1202,data/collections/images/1202_陆军万用表.png,https://orzice.com/v/info/1202,任意都行,,66770,66770,66770,,0.0,0.0,0.0,"collection,scp_book"
1220,OLIGHT WARRIOR 3S联名手电,4,工具材料,https://orzice.com/oss/sjzPic?u=1220,data/collections/images/1220_OLIGHT_WARRIOR_3S联名手电.png,https://orzice.com/v/info/1220,交易行上架,,21432,21432,22772,,12.5,12.5,5.88,"collection,scp_book"
861,植物样本,4,工具材料,https://orzice.com/oss/sjzPic?u=861,data/collections/images/861_植物样本.png,https://orzice.com/v/info/861,交易行上架,,19065,20260,22650,,6.27,0.0,-10.55,"collection,scp_book"
856,特种钢,4,工具材料,https://orzice.com/oss/sjzPic?u=856,data/collections/images/856_特种钢.png,https://orzice.com/v/info/856,交易行上架,,23562,18962,15512,,-19.52,0.0,22.24,"collection,scp_book"
1013,电动车电池,4,工具材料,https://orzice.com/oss/sjzPic?u=1013,data/collections/images/1013_电动车电池.png,https://orzice.com/v/info/1013,交易行上架,,81073,85578,81073,,5.56,0.0,5.56,"collection,scp_book"
p283,电动马达,4,工具材料,https://orzice.com/oss/sjzPic?u=p283,data/collections/images/p283_电动马达.png,https://orzice.com/v/info/p283,禁止交易,,,,,,,,,scp_book
858,聚乙烯纤维,4,工具材料,https://orzice.com/oss/sjzPic?u=858,data/collections/images/858_聚乙烯纤维.png,https://orzice.com/v/info/858,交易行上架,,13872,13872,17547,,31.79,31.79,4.19,"collection,scp_book"
1032,自旋型手锯,4,工具材料,https://orzice.com/oss/sjzPic?u=1032,data/collections/images/1032_自旋型手锯.png,https://orzice.com/v/info/1032,交易行上架,,46908,49843,143763,,6.26,0.0,-65.33,"collection,scp_book"
p242,钛合金,4,工具材料,https://orzice.com/oss/sjzPic?u=p242,data/collections/images/p242_钛合金.png,https://orzice.com/v/info/p242,禁止交易,,,,,,,,,scp_book
p240,防弹陶瓷,4,工具材料,https://orzice.com/oss/sjzPic?u=p240,data/collections/images/p240_防弹陶瓷.png,https://orzice.com/v/info/p240,禁止交易,,,,,,,,,scp_book
857,高出力粉碎钳,4,工具材料,https://orzice.com/oss/sjzPic?u=857,data/collections/images/857_高出力粉碎钳.png,https://orzice.com/v/info/857,交易行上架,,41548,38218,34888,,4.01,13.07,23.86,"collection,scp_book"
p237,高级燃料,4,工具材料,https://orzice.com/oss/sjzPic?u=p237,data/collections/images/p237_高级燃料.png,https://orzice.com/v/info/p237,禁止交易,,,,,,,,,scp_book
862,一包水泥,3,工具材料,https://orzice.com/oss/sjzPic?u=862,data/collections/images/862_一包水泥.png,https://orzice.com/v/info/862,交易行上架,,52972,52972,52972,,0.0,0.0,0.0,"collection,scp_book"
860,一桶油漆,3,工具材料,https://orzice.com/oss/sjzPic?u=860,data/collections/images/860_一桶油漆.png,https://orzice.com/v/info/860,交易行上架,,21894,24084,21894,,25.01,13.64,25.01,"collection,scp_book"
1007,低级燃料,3,工具材料,https://orzice.com/oss/sjzPic?u=1007,data/collections/images/1007_低级燃料.png,https://orzice.com/v/info/1007,交易行上架,,15412,15412,15412,,-3.24,-3.24,-3.24,"collection,scp_book"
p295,工具箱,3,工具材料,https://orzice.com/oss/sjzPic?u=p295,data/collections/images/p295_工具箱.png,https://orzice.com/v/info/p295,禁止交易,,,,,,,,,scp_book
863,无线便携电钻,3,工具材料,https://orzice.com/oss/sjzPic?u=863,data/collections/images/863_无线便携电钻.png,https://orzice.com/v/info/863,交易行上架,,32705,32705,32705,,0.0,0.0,0.0,"collection,scp_book"
864,机械破障锤,3,工具材料,https://orzice.com/oss/sjzPic?u=864,data/collections/images/864_机械破障锤.png,https://orzice.com/v/info/864,交易行上架,,40190,44210,40190,,-7.5,-15.91,-7.5,"collection,scp_book"
859,枪械零件,3,工具材料,https://orzice.com/oss/sjzPic?u=859,data/collections/images/859_枪械零件.png,https://orzice.com/v/info/859,交易行上架,,18309,18309,18309,,-3.58,-3.58,-3.58,"collection,scp_book"
865,火药,3,工具材料,https://orzice.com/oss/sjzPic?u=865,data/collections/images/865_火药.png,https://orzice.com/v/info/865,交易行上架,,26775,28185,28890,,-10.53,-15.01,-17.08,"collection,scp_book"
1010,燃气罐,3,工具材料,https://orzice.com/oss/sjzPic?u=1010,data/collections/images/1010_燃气罐.png,https://orzice.com/v/info/1010,交易行上架,,23310,23310,22200,,0.0,0.0,5.0,"collection,scp_book"
p292,燃油,3,工具材料,https://orzice.com/oss/sjzPic?u=p292,data/collections/images/p292_燃油.png,https://orzice.com/v/info/p292,禁止交易,,,,,,,,,scp_book
855,芳纶纤维,3,工具材料,https://orzice.com/oss/sjzPic?u=855,data/collections/images/855_芳纶纤维.png,https://orzice.com/v/info/855,交易行上架,,24595,24595,24595,,0.0,0.0,0.0,"collection,scp_book"
874,转换插座,3,工具材料,https://orzice.com/oss/sjzPic?u=874,data/collections/images/874_转换插座.png,https://orzice.com/v/info/874,交易行上架,,10182,11637,9697,,23.82,8.34,30.01,"collection,scp_book"
p291,高分子布料,3,工具材料,https://orzice.com/oss/sjzPic?u=p291,data/collections/images/p291_高分子布料.png,https://orzice.com/v/info/p291,禁止交易,,,,,,,,,scp_book
871,高精数显卡尺,3,工具材料,https://orzice.com/oss/sjzPic?u=871,data/collections/images/871_高精数显卡尺.png,https://orzice.com/v/info/871,交易行上架,,15203,16333,16333,,3.72,-3.46,-3.46,"collection,scp_book"
875,LED灯管,2,工具材料,https://orzice.com/oss/sjzPic?u=875,data/collections/images/875_LED灯管.png,https://orzice.com/v/info/875,交易行上架,,3329,3329,3329,,0.0,0.0,0.0,"collection,scp_book"
882,便携液压扳手,2,工具材料,https://orzice.com/oss/sjzPic?u=882,data/collections/images/882_便携液压扳手.png,https://orzice.com/v/info/882,交易行上架,,2258,2258,2258,,0.0,0.0,0.0,"collection,scp_book"
876,压力计,2,工具材料,https://orzice.com/oss/sjzPic?u=876,data/collections/images/876_压力计.png,https://orzice.com/v/info/876,交易行上架,,4124,4124,4124,,0.0,0.0,0.0,"collection,scp_book"
867,原木木板,2,工具材料,https://orzice.com/oss/sjzPic?u=867,data/collections/images/867_原木木板.png,https://orzice.com/v/info/867,交易行上架,,4200,4200,4200,,0.0,0.0,0.0,"collection,scp_book"
872,喷漆,2,工具材料,https://orzice.com/oss/sjzPic?u=872,data/collections/images/872_喷漆.png,https://orzice.com/v/info/872,交易行上架,,3739,3739,3739,,0.0,0.0,0.0,"collection,scp_book"
886,尖嘴钳,2,工具材料,https://orzice.com/oss/sjzPic?u=886,data/collections/images/886_尖嘴钳.png,https://orzice.com/v/info/886,交易行上架,,2482,2482,2482,,0.0,0.0,0.0,"collection,scp_book"
873,手锯,2,工具材料,https://orzice.com/oss/sjzPic?u=873,data/collections/images/873_手锯.png,https://orzice.com/v/info/873,交易行上架,,12136,12136,12136,,0.0,0.0,0.0,"collection,scp_book"
891,插座,2,工具材料,https://orzice.com/oss/sjzPic?u=891,data/collections/images/891_插座.png,https://orzice.com/v/info/891,交易行上架,,2278,2278,2278,,0.0,0.0,0.0,"collection,scp_book"
889,模拟温度计,2,工具材料,https://orzice.com/oss/sjzPic?u=889,data/collections/images/889_模拟温度计.png,https://orzice.com/v/info/889,交易行上架,,2404,2514,2404,,0.0,-4.38,0.0,"collection,scp_book"
869,水平仪,2,工具材料,https://orzice.com/oss/sjzPic?u=869,data/collections/images/869_水平仪.png,https://orzice.com/v/info/869,交易行上架,,4236,4236,4236,,0.0,0.0,0.0,"collection,scp_book"
892,波纹软管,2,工具材料,https://orzice.com/oss/sjzPic?u=892,data/collections/images/892_波纹软管.png,https://orzice.com/v/info/892,交易行上架,,2373,2373,2373,,0.0,0.0,0.0,"collection,scp_book"
877,电动爆破锤,2,工具材料,https://orzice.com/oss/sjzPic?u=877,data/collections/images/877_电动爆破锤.png,https://orzice.com/v/info/877,交易行上架,,4198,4198,4198,,0.0,0.0,0.0,"collection,scp_book"
888,电笔,2,工具材料,https://orzice.com/oss/sjzPic?u=888,data/collections/images/888_电笔.png,https://orzice.com/v/info/888,交易行上架,,2486,2486,2486,,0.0,0.0,0.0,"collection,scp_book"
880,电线,2,工具材料,https://orzice.com/oss/sjzPic?u=880,data/collections/images/880_电线.png,https://orzice.com/v/info/880,交易行上架,,2377,2377,2377,,0.0,0.0,0.0,"collection,scp_book"
870,石工锤,2,工具材料,https://orzice.com/oss/sjzPic?u=870,data/collections/images/870_石工锤.png,https://orzice.com/v/info/870,交易行上架,,12949,12949,12949,,0.0,0.0,0.0,"collection,scp_book"
866,螺丝刀,2,工具材料,https://orzice.com/oss/sjzPic?u=866,data/collections/images/866_螺丝刀.png,https://orzice.com/v/info/866,交易行上架,,2861,2861,2861,,-4.19,-4.19,-4.19,"collection,scp_book"
868,角磨机,2,工具材料,https://orzice.com/oss/sjzPic?u=868,data/collections/images/868_角磨机.png,https://orzice.com/v/info/868,交易行上架,,4071,4071,4071,,0.0,0.0,0.0,"collection,scp_book"
883,一盒钉子,1,工具材料,https://orzice.com/oss/sjzPic?u=883,data/collections/images/883_一盒钉子.png,https://orzice.com/v/info/883,交易行上架,,2794,2794,2794,,0.0,0.0,0.0,"collection,scp_book"
878,工具刀,1,工具材料,https://orzice.com/oss/sjzPic?u=878,data/collections/images/878_工具刀.png,https://orzice.com/v/info/878,交易行上架,,2403,2403,2403,,0.0,0.0,0.0,"collection,scp_book"
885,布基胶带,1,工具材料,https://orzice.com/oss/sjzPic?u=885,data/collections/images/885_布基胶带.png,https://orzice.com/v/info/885,交易行上架,,1276,1276,1276,,0.0,0.0,0.0,"collection,scp_book"
890,油漆刷,1,工具材料,https://orzice.com/oss/sjzPic?u=890,data/collections/images/890_油漆刷.png,https://orzice.com/v/info/890,交易行上架,,1368,1368,1368,,0.0,0.0,0.0,"collection,scp_book"
881,直角尺,1,工具材料,https://orzice.com/oss/sjzPic?u=881,data/collections/images/881_直角尺.png,https://orzice.com/v/info/881,交易行上架,,2590,2590,2590,,0.0,0.0,0.0,"collection,scp_book"
887,精密工具组,1,工具材料,https://orzice.com/oss/sjzPic?u=887,data/collections/images/887_精密工具组.png,https://orzice.com/v/info/887,交易行上架,,1086,1086,1086,,0.0,0.0,0.0,"collection,scp_book"
893,网线,1,工具材料,https://orzice.com/oss/sjzPic?u=893,data/collections/images/893_网线.png,https://orzice.com/v/info/893,交易行上架,,1067,1067,1067,,0.0,0.0,0.0,"collection,scp_book"
884,羊角锤,1,工具材料,https://orzice.com/oss/sjzPic?u=884,data/collections/images/884_羊角锤.png,https://orzice.com/v/info/884,交易行上架,,3808,3808,3808,,0.0,0.0,0.0,"collection,scp_book"
879,防水胶布,1,工具材料,https://orzice.com/oss/sjzPic?u=879,data/collections/images/879_防水胶布.png,https://orzice.com/v/info/879,交易行上架,,1077,1077,1077,,0.0,0.0,0.0,"collection,scp_book"
894,音波测距卷尺,1,工具材料,https://orzice.com/oss/sjzPic?u=894,data/collections/images/894_音波测距卷尺.png,https://orzice.com/v/info/894,交易行上架,,1074,1074,1074,,0.0,0.0,0.0,"collection,scp_book"
p149,G.T.I卫星通信天线,6,电子物品,https://orzice.com/oss/sjzPic?u=p149,data/collections/images/p149_G.T.I卫星通信天线.png,https://orzice.com/v/info/p149,禁止交易,,,,,,,,,scp_book
788,便携军用雷达,6,电子物品,https://orzice.com/oss/sjzPic?u=788,data/collections/images/788_便携军用雷达.png,https://orzice.com/v/info/788,交易行上架,,2,2,2,,0.0,0.0,0.0,"collection,scp_book"
784,军用信息终端,6,电子物品,https://orzice.com/oss/sjzPic?u=784,data/collections/images/784_军用信息终端.png,https://orzice.com/v/info/784,交易行上架,,905135,905135,950395,,0.0,0.0,-4.76,"collection,scp_book"
781,军用控制终端,6,电子物品,https://orzice.com/oss/sjzPic?u=781,data/collections/images/781_军用控制终端.png,https://orzice.com/v/info/781,交易行上架,,388595,388595,388595,,5.26,5.26,5.26,"collection,scp_book"
786,军用无人机,6,电子物品,https://orzice.com/oss/sjzPic?u=786,data/collections/images/786_军用无人机.png,https://orzice.com/v/info/786,交易行上架,,551235,523670,551235,,0.0,5.26,0.0,"collection,scp_book"
777,军用电台,6,电子物品,https://orzice.com/oss/sjzPic?u=777,data/collections/images/777_军用电台.png,https://orzice.com/v/info/777,交易行上架,,1,1,1,,0.0,-3.57,-3.57,"collection,scp_book"
778,刀片服务器,6,电子物品,https://orzice.com/oss/sjzPic?u=778,data/collections/images/778_刀片服务器.png,https://orzice.com/v/info/778,交易行上架,,1,1,1,,0.0,0.0,0.0,"collection,scp_book"
1200,定位接收器,6,电子物品,https://orzice.com/oss/sjzPic?u=1200,data/collections/images/1200_定位接收器.png,https://orzice.com/v/info/1200,任意都行,,185124,185124,185124,,0.0,0.0,0.0,"collection,scp_book"
1255,恒星敏感器,6,电子物品,https://orzice.com/oss/sjzPic?u=1255,data/collections/images/1255_恒星敏感器.png,https://orzice.com/v/info/1255,任意都行,,183303,183303,183303,,0.0,0.0,0.0,"collection,scp_book"
779,摄影机,6,电子物品,https://orzice.com/oss/sjzPic?u=779,data/collections/images/779_摄影机.png,https://orzice.com/v/info/779,交易行上架,,619968,619968,652598,,5.26,5.26,0.0,"collection,scp_book"
p1390,数据密钥,6,电子物品,https://orzice.com/oss/sjzPic?u=p1390,data/collections/images/p1390_数据密钥.png,https://orzice.com/v/info/p1390,禁止交易,,,,,,,,,scp_book
787,显卡,6,电子物品,https://orzice.com/oss/sjzPic?u=787,data/collections/images/787_显卡.png,https://orzice.com/v/info/787,任意都行,,335213,335213,335213,,0.0,0.0,0.0,"collection,scp_book"
783,曼德尔超算单元,6,电子物品,https://orzice.com/oss/sjzPic?u=783,data/collections/images/783_曼德尔超算单元.png,https://orzice.com/v/info/783,交易行上架,,2,2,2,,0.0,0.0,0.0,"collection,scp_book"
1199,电子脚镣,6,电子物品,https://orzice.com/oss/sjzPic?u=1199,data/collections/images/1199_电子脚镣.png,https://orzice.com/v/info/1199,交易行上架,,1,1,924248,,20.59,9.82,38.2,"collection,scp_book"
p1389,空白存储,6,电子物品,https://orzice.com/oss/sjzPic?u=p1389,data/collections/images/p1389_空白存储.png,https://orzice.com/v/info/p1389,禁止交易,,,,,,,,,scp_book
789,笔记本电脑,6,电子物品,https://orzice.com/oss/sjzPic?u=789,data/collections/images/789_笔记本电脑.png,https://orzice.com/v/info/789,交易行上架,,1,2,2,,-21.21,-27.78,-38.1,"collection,scp_book"
782,飞行记录仪,6,电子物品,https://orzice.com/oss/sjzPic?u=782,data/collections/images/782_飞行记录仪.png,https://orzice.com/v/info/782,交易行上架,,1,1,1,,-8.33,-12.0,-15.39,"collection,scp_book"
785,高速磁盘阵列,6,电子物品,https://orzice.com/oss/sjzPic?u=785,data/collections/images/785_高速磁盘阵列.png,https://orzice.com/v/info/785,交易行上架,,1,1,1,,0.0,0.0,-9.09,"collection,scp_book"
803,CPU,5,电子物品,https://orzice.com/oss/sjzPic?u=803,data/collections/images/803_CPU.png,https://orzice.com/v/info/803,任意都行,,64736,64736,64736,,0.0,0.0,0.0,"collection,scp_book"
780,军用卫星通讯仪,5,电子物品,https://orzice.com/oss/sjzPic?u=780,data/collections/images/780_军用卫星通讯仪.png,https://orzice.com/v/info/780,交易行上架,,198062,207967,198062,,0.0,-4.76,0.0,"collection,scp_book"
806,军用弹道计算机,5,电子物品,https://orzice.com/oss/sjzPic?u=806,data/collections/images/806_军用弹道计算机.png,https://orzice.com/v/info/806,任意都行,,92336,92336,92336,,0.0,0.0,0.0,"collection,scp_book"
798,军用望远镜,5,电子物品,https://orzice.com/oss/sjzPic?u=798,data/collections/images/798_军用望远镜.png,https://orzice.com/v/info/798,任意都行,,99546,94566,99546,,-5.0,0.0,-5.0,"collection,scp_book"
1201,军用网络模块,5,电子物品,https://orzice.com/oss/sjzPic?u=1201,data/collections/images/1201_军用网络模块.png,https://orzice.com/v/info/1201,任意都行,,60390,60390,63570,,0.0,0.0,-5.0,"collection,scp_book"
791,单反相机,5,电子物品,https://orzice.com/oss/sjzPic?u=791,data/collections/images/791_单反相机.png,https://orzice.com/v/info/791,任意都行,,132355,132355,145595,,0.0,0.0,-9.09,"collection,scp_book"
799,卫星电话,5,电子物品,https://orzice.com/oss/sjzPic?u=799,data/collections/images/799_卫星电话.png,https://orzice.com/v/info/799,任意都行,,85088,85088,85088,,0.0,0.0,0.0,"collection,scp_book"
794,可编程处理器,5,电子物品,https://orzice.com/oss/sjzPic?u=794,data/collections/images/794_可编程处理器.png,https://orzice.com/v/info/794,任意都行,,72219,72219,72219,,0.0,0.0,0.0,"collection,scp_book"
790,大型电台,5,电子物品,https://orzice.com/oss/sjzPic?u=790,data/collections/images/790_大型电台.png,https://orzice.com/v/info/790,交易行上架,,441477,441477,504552,,4.76,4.76,-8.33,"collection,scp_book"
793,手机,5,电子物品,https://orzice.com/oss/sjzPic?u=793,data/collections/images/793_手机.png,https://orzice.com/v/info/793,任意都行,,65064,65064,61809,,0.0,0.0,5.27,"collection,scp_book"
800,数码相机,5,电子物品,https://orzice.com/oss/sjzPic?u=800,data/collections/images/800_数码相机.png,https://orzice.com/v/info/800,任意都行,,70947,70947,70947,,5.26,5.26,5.26,"collection,scp_book"
1258,脑机头戴设备,5,电子物品,https://orzice.com/oss/sjzPic?u=1258,data/collections/images/1258_脑机头戴设备.png,https://orzice.com/v/info/1258,任意都行,,207076,207076,207076,,0.0,0.0,0.0,"collection,scp_book"
795,脑机控制端子,5,电子物品,https://orzice.com/oss/sjzPic?u=795,data/collections/images/795_脑机控制端子.png,https://orzice.com/v/info/795,任意都行,,59954,62954,71954,,0.0,-4.77,-16.68,"collection,scp_book"
805,镜头,5,电子物品,https://orzice.com/oss/sjzPic?u=805,data/collections/images/805_镜头.png,https://orzice.com/v/info/805,交易行上架,,101686,101686,128461,,15.8,15.8,-8.34,"collection,scp_book"
802,高速固态硬盘,5,电子物品,https://orzice.com/oss/sjzPic?u=802,data/collections/images/802_高速固态硬盘.png,https://orzice.com/v/info/802,任意都行,,75568,75568,75568,,0.0,0.0,0.0,"collection,scp_book"
792,ASOS电脑主板,4,电子物品,https://orzice.com/oss/sjzPic?u=792,data/collections/images/792_ASOS电脑主板.png,https://orzice.com/v/info/792,交易行上架,,48121,48121,48121,,0.0,0.0,0.0,"collection,scp_book"
808,GS5 手柄,4,电子物品,https://orzice.com/oss/sjzPic?u=808,data/collections/images/808_GS5_手柄.png,https://orzice.com/v/info/808,交易行上架,,30944,30944,32879,,18.76,18.76,11.77,"collection,scp_book"
816,HIFI声卡,4,电子物品,https://orzice.com/oss/sjzPic?u=816,data/collections/images/816_HIFI声卡.png,https://orzice.com/v/info/816,交易行上架,,25425,25425,25425,,6.67,6.67,6.67,"collection,scp_book"
807,专业声卡,4,电子物品,https://orzice.com/oss/sjzPic?u=807,data/collections/images/807_专业声卡.png,https://orzice.com/v/info/807,交易行上架,,41281,47476,43346,,0.0,-13.05,-4.76,"collection,scp_book"
810,便携音响,4,电子物品,https://orzice.com/oss/sjzPic?u=810,data/collections/images/810_便携音响.png,https://orzice.com/v/info/810,任意都行,,27327,27327,27327,,0.0,0.0,0.0,"collection,scp_book"
815,内存条,4,电子物品,https://orzice.com/oss/sjzPic?u=815,data/collections/images/815_内存条.png,https://orzice.com/v/info/815,交易行上架,,26581,26581,26581,,13.36,13.36,13.36,"collection,scp_book"
797,军用热像仪,4,电子物品,https://orzice.com/oss/sjzPic?u=797,data/collections/images/797_军用热像仪.png,https://orzice.com/v/info/797,交易行上架,,76141,76141,72131,,5.27,5.27,11.12,"collection,scp_book"
801,固态硬盘,4,电子物品,https://orzice.com/oss/sjzPic?u=801,data/collections/images/801_固态硬盘.png,https://orzice.com/v/info/801,任意都行,,34223,34223,34223,,0.0,0.0,0.0,"collection,scp_book"
804,已损坏的热像仪,4,电子物品,https://orzice.com/oss/sjzPic?u=804,data/collections/images/804_已损坏的热像仪.png,https://orzice.com/v/info/804,任意都行,,47704,47704,47704,,0.0,0.0,0.0,"collection,scp_book"
796,广角镜头,4,电子物品,https://orzice.com/oss/sjzPic?u=796,data/collections/images/796_广角镜头.png,https://orzice.com/v/info/796,交易行上架,,49887,47112,52662,,5.56,11.78,0.0,"collection,scp_book"
821,收音机,4,电子物品,https://orzice.com/oss/sjzPic?u=821,data/collections/images/821_收音机.png,https://orzice.com/v/info/821,交易行上架,,24410,24410,24410,,6.68,6.68,6.68,"collection,scp_book"
811,电子干扰器,4,电子物品,https://orzice.com/oss/sjzPic?u=811,data/collections/images/811_电子干扰器.png,https://orzice.com/v/info/811,交易行上架,,12210,12210,12210,,6.67,6.67,6.67,"collection,scp_book"
817,间谍笔,4,电子物品,https://orzice.com/oss/sjzPic?u=817,data/collections/images/817_间谍笔.png,https://orzice.com/v/info/817,任意都行,,21331,21331,21331,,0.0,0.0,0.0,"collection,scp_book"
812,U盘,3,电子物品,https://orzice.com/oss/sjzPic?u=812,data/collections/images/812_U盘.png,https://orzice.com/v/info/812,交易行上架,,11260,10320,10320,,4.17,13.66,13.66,"collection,scp_book"
819,军用移动电源,3,电子物品,https://orzice.com/oss/sjzPic?u=819,data/collections/images/819_军用移动电源.png,https://orzice.com/v/info/819,任意都行,,8561,8561,9016,,5.31,5.31,0.0,"collection,scp_book"
818,太阳能板,3,电子物品,https://orzice.com/oss/sjzPic?u=818,data/collections/images/818_太阳能板.png,https://orzice.com/v/info/818,交易行上架,,31120,29820,27220,,8.35,13.08,23.88,"collection,scp_book"
824,存储卡,3,电子物品,https://orzice.com/oss/sjzPic?u=824,data/collections/images/824_存储卡.png,https://orzice.com/v/info/824,交易行上架,,8361,7961,7961,,23.92,30.15,30.15,"collection,scp_book"
813,摄像头,3,电子物品,https://orzice.com/oss/sjzPic?u=813,data/collections/images/813_摄像头.png,https://orzice.com/v/info/813,交易行上架,,12853,12853,12408,,0.0,0.0,3.59,"collection,scp_book"
1291,无线耳机,3,电子物品,https://orzice.com/oss/sjzPic?u=1291,data/collections/images/1291_无线耳机.png,https://orzice.com/v/info/1291,任意都行,,9330,9330,9330,,0.0,0.0,0.0,"collection,scp_book"
809,液晶显示屏,3,电子物品,https://orzice.com/oss/sjzPic?u=809,data/collections/images/809_液晶显示屏.png,https://orzice.com/v/info/809,交易行上架,,21514,24454,22494,,18.22,4.01,13.07,"collection,scp_book"
814,电子温度计,3,电子物品,https://orzice.com/oss/sjzPic?u=814,data/collections/images/814_电子温度计.png,https://orzice.com/v/info/814,交易行上架,,18850,18850,18850,,0.0,0.0,0.0,"collection,scp_book"
820,继电器,3,电子物品,https://orzice.com/oss/sjzPic?u=820,data/collections/images/820_继电器.png,https://orzice.com/v/info/820,交易行上架,,9371,11091,9371,,22.94,3.88,22.94,"collection,scp_book"
1264,腕带,3,电子物品,https://orzice.com/oss/sjzPic?u=1264,data/collections/images/1264_腕带.png,https://orzice.com/v/info/1264,任意都行,,10395,10395,10395,,0.0,0.0,0.0,"collection,scp_book"
832,音频播放器,3,电子物品,https://orzice.com/oss/sjzPic?u=832,data/collections/images/832_音频播放器.png,https://orzice.com/v/info/832,交易行上架,,10723,11123,11123,,0.0,-3.6,-3.6,"collection,scp_book"
826,DVD光驱,2,电子物品,https://orzice.com/oss/sjzPic?u=826,data/collections/images/826_DVD光驱.png,https://orzice.com/v/info/826,交易行上架,,3861,3861,3861,,0.0,0.0,0.0,"collection,scp_book"
831,印刷电路板,2,电子物品,https://orzice.com/oss/sjzPic?u=831,data/collections/images/831_印刷电路板.png,https://orzice.com/v/info/831,交易行上架,,2596,2706,2706,,0.0,-4.07,-4.07,"collection,scp_book"
833,手机电池,2,电子物品,https://orzice.com/oss/sjzPic?u=833,data/collections/images/833_手机电池.png,https://orzice.com/v/info/833,交易行上架,,2272,2272,2167,,0.0,0.0,4.85,"collection,scp_book"
825,机械硬盘,2,电子物品,https://orzice.com/oss/sjzPic?u=825,data/collections/images/825_机械硬盘.png,https://orzice.com/v/info/825,交易行上架,,2692,2812,2812,,4.46,0.0,0.0,"collection,scp_book"
823,电容,2,电子物品,https://orzice.com/oss/sjzPic?u=823,data/collections/images/823_电容.png,https://orzice.com/v/info/823,交易行上架,,2639,2639,2519,,0.0,0.0,4.76,"collection,scp_book"
828,电源,2,电子物品,https://orzice.com/oss/sjzPic?u=828,data/collections/images/828_电源.png,https://orzice.com/v/info/828,交易行上架,,5991,6241,6241,,0.0,-4.01,-4.01,"collection,scp_book"
829,超高频读卡器,2,电子物品,https://orzice.com/oss/sjzPic?u=829,data/collections/images/829_超高频读卡器.png,https://orzice.com/v/info/829,交易行上架,,2562,2687,2687,,4.88,0.0,0.0,"collection,scp_book"
822,键盘,2,电子物品,https://orzice.com/oss/sjzPic?u=822,data/collections/images/822_键盘.png,https://orzice.com/v/info/822,交易行上架,,3059,3189,3059,,0.0,-4.08,0.0,"collection,scp_book"
830,风冷散热器,2,电子物品,https://orzice.com/oss/sjzPic?u=830,data/collections/images/830_风冷散热器.png,https://orzice.com/v/info/830,交易行上架,,2721,2721,2846,,0.0,0.0,-4.39,"collection,scp_book"
827,鼠标,1,电子物品,https://orzice.com/oss/sjzPic?u=827,data/collections/images/827_鼠标.png,https://orzice.com/v/info/827,交易行上架,,967,967,922,,-4.65,-4.65,0.0,"collection,scp_book"
1035,“钻石”鱼子酱,6,家居物品,https://orzice.com/oss/sjzPic?u=1035,data/collections/images/1035_“钻石”鱼子酱.png,https://orzice.com/v/info/1035,任意都行,,175607,175607,175607,,0.0,0.0,0.0,"collection,scp_book"
p1247,“雷明顿”打字机,6,家居物品,https://orzice.com/oss/sjzPic?u=p1247,data/collections/images/p1247_“雷明顿”打字机.png,https://orzice.com/v/info/p1247,禁止交易,,,,,,,,,scp_book
1034,奥莉薇娅香槟,6,家居物品,https://orzice.com/oss/sjzPic?u=1034,data/collections/images/1034_奥莉薇娅香槟.png,https://orzice.com/v/info/1034,任意都行,,340710,340710,340710,,0.0,0.0,0.0,"collection,scp_book"
1037,强力吸尘器,6,家居物品,https://orzice.com/oss/sjzPic?u=1037,data/collections/images/1037_强力吸尘器.png,https://orzice.com/v/info/1037,交易行上架,,1,1,1,,0.0,5.26,0.0,"collection,scp_book"
1038,扫拖一体机器人,6,家居物品,https://orzice.com/oss/sjzPic?u=1038,data/collections/images/1038_扫拖一体机器人.png,https://orzice.com/v/info/1038,交易行上架,,1,2,2,,5.26,0.0,0.0,"collection,scp_book"
p1086,浮力补偿设备,6,家居物品,https://orzice.com/oss/sjzPic?u=p1086,data/collections/images/p1086_浮力补偿设备.png,https://orzice.com/v/info/p1086,禁止交易,,,,,,,,,scp_book
p1457,炫彩足球,6,家居物品,https://orzice.com/oss/sjzPic?u=p1457,data/collections/images/p1457_炫彩足球.png,https://orzice.com/v/info/p1457,禁止交易,,,,,,,,,scp_book
p1447,红鲤王,6,家居物品,https://orzice.com/oss/sjzPic?u=p1447,data/collections/images/p1447_红鲤王.png,https://orzice.com/v/info/p1447,禁止交易,,,,,,,,,scp_book
p1322,阿萨拉极品平安果,6,家居物品,https://orzice.com/oss/sjzPic?u=p1322,data/collections/images/p1322_阿萨拉极品平安果.png,https://orzice.com/v/info/p1322,禁止交易,,,,,,,,,scp_book
p174,高级咖啡豆,6,家居物品,https://orzice.com/oss/sjzPic?u=p174,data/collections/images/p174_高级咖啡豆.png,https://orzice.com/v/info/p174,禁止交易,,,,,,,,,scp_book
1033,“蓝宝石”龙舌兰,5,家居物品,https://orzice.com/oss/sjzPic?u=1033,data/collections/images/1033_“蓝宝石”龙舌兰.png,https://orzice.com/v/info/1033,任意都行,,81502,81502,81502,,0.0,0.0,0.0,"collection,scp_book"
901,咖啡,5,家居物品,https://orzice.com/oss/sjzPic?u=901,data/collections/images/901_咖啡.png,https://orzice.com/v/info/901,任意都行,,68903,68903,68903,,5.27,5.27,5.27,"collection,scp_book"
p1358,好粥道-椰奶燕麦粥,5,家居物品,https://orzice.com/oss/sjzPic?u=p1358,data/collections/images/p1358_好粥道-椰奶燕麦粥.png,https://orzice.com/v/info/p1358,禁止交易,,,,,,,,,scp_book
900,海鲜粥罐头,5,家居物品,https://orzice.com/oss/sjzPic?u=900,data/collections/images/900_海鲜粥罐头.png,https://orzice.com/v/info/900,任意都行,,58505,58505,58505,,0.0,0.0,0.0,"collection,scp_book"
1036,盒装挂耳咖啡,5,家居物品,https://orzice.com/oss/sjzPic?u=1036,data/collections/images/1036_盒装挂耳咖啡.png,https://orzice.com/v/info/1036,交易行上架,,355097,377022,372637,,2.47,-3.49,-2.35,"collection,scp_book"
898,纯金打火机,5,家居物品,https://orzice.com/oss/sjzPic?u=898,data/collections/images/898_纯金打火机.png,https://orzice.com/v/info/898,任意都行,,62155,62155,62155,,0.0,0.0,0.0,"collection,scp_book"
902,营养粥罐头,5,家居物品,https://orzice.com/oss/sjzPic?u=902,data/collections/images/902_营养粥罐头.png,https://orzice.com/v/info/902,任意都行,,59704,59704,59704,,0.0,0.0,0.0,"collection,scp_book"
p1325,阿萨拉优品平安果,5,家居物品,https://orzice.com/oss/sjzPic?u=p1325,data/collections/images/p1325_阿萨拉优品平安果.png,https://orzice.com/v/info/p1325,禁止交易,,,,,,,,,scp_book
1229,飞行员眼镜,5,家居物品,https://orzice.com/oss/sjzPic?u=1229,data/collections/images/1229_飞行员眼镜.png,https://orzice.com/v/info/1229,任意都行,,82094,82094,82094,,0.0,0.0,0.0,"collection,scp_book"
p1461,黄金足球,5,家居物品,https://orzice.com/oss/sjzPic?u=p1461,data/collections/images/p1461_黄金足球.png,https://orzice.com/v/info/p1461,禁止交易,,,,,,,,,scp_book
p1448,黄金鲤,5,家居物品,https://orzice.com/oss/sjzPic?u=p1448,data/collections/images/p1448_黄金鲤.png,https://orzice.com/v/info/p1448,禁止交易,,,,,,,,,scp_book
p272,三角洲特种部队：黑鹰坠落（盒装版）,4,家居物品,https://orzice.com/oss/sjzPic?u=p272,data/collections/images/p272_三角洲特种部队：黑鹰坠落（盒装版）.png,https://orzice.com/v/info/p272,禁止交易,,,,,,,,,scp_book
p1449,大肥鲤,4,家居物品,https://orzice.com/oss/sjzPic?u=p1449,data/collections/images/p1449_大肥鲤.png,https://orzice.com/v/info/p1449,禁止交易,,,,,,,,,scp_book
p1366,好粥道-黑米粥,4,家居物品,https://orzice.com/oss/sjzPic?u=p1366,data/collections/images/p1366_好粥道-黑米粥.png,https://orzice.com/v/info/p1366,禁止交易,,,,,,,,,scp_book
1231,小糖人姜饼人,4,家居物品,https://orzice.com/oss/sjzPic?u=1231,data/collections/images/1231_小糖人姜饼人.png,https://orzice.com/v/info/1231,任意都行,,24635,23090,24635,,-6.27,0.0,-6.27,"collection,scp_book"
896,清新橘味能量凝胶,4,家居物品,https://orzice.com/oss/sjzPic?u=896,data/collections/images/896_清新橘味能量凝胶.png,https://orzice.com/v/info/896,交易行上架,,48131,48131,45781,,-2.44,-2.44,2.57,"collection,scp_book"
1290,爽身粉,4,家居物品,https://orzice.com/oss/sjzPic?u=1290,data/collections/images/1290_爽身粉.png,https://orzice.com/v/info/1290,任意都行,,22481,22481,22481,,0.0,0.0,0.0,"collection,scp_book"
904,生津柠檬茶,4,家居物品,https://orzice.com/oss/sjzPic?u=904,data/collections/images/904_生津柠檬茶.png,https://orzice.com/v/info/904,交易行上架,,17169,18179,15149,,5.88,0.0,20.0,"collection,scp_book"
1287,电动牙刷,4,家居物品,https://orzice.com/oss/sjzPic?u=1287,data/collections/images/1287_电动牙刷.png,https://orzice.com/v/info/1287,任意都行,,16435,16435,16435,,0.0,0.0,0.0,"collection,scp_book"
903,胶囊咖啡机套组,4,家居物品,https://orzice.com/oss/sjzPic?u=903,data/collections/images/903_胶囊咖啡机套组.png,https://orzice.com/v/info/903,任意都行,,39133,41743,44353,,0.0,-6.25,-11.77,"collection,scp_book"
p1467,足球,4,家居物品,https://orzice.com/oss/sjzPic?u=p1467,data/collections/images/p1467_足球.png,https://orzice.com/v/info/p1467,禁止交易,,,,,,,,,scp_book
p1329,阿萨拉平安果,4,家居物品,https://orzice.com/oss/sjzPic?u=p1329,data/collections/images/p1329_阿萨拉平安果.png,https://orzice.com/v/info/p1329,禁止交易,,,,,,,,,scp_book
895,鳄鱼蛋,4,家居物品,https://orzice.com/oss/sjzPic?u=895,data/collections/images/895_鳄鱼蛋.png,https://orzice.com/v/info/895,任意都行,,23089,23089,23089,,0.0,0.0,0.0,"collection,scp_book"
1289,鼻通,4,家居物品,https://orzice.com/oss/sjzPic?u=1289,data/collections/images/1289_鼻通.png,https://orzice.com/v/info/1289,任意都行,,22698,22698,22698,,0.0,0.0,0.0,"collection,scp_book"
918,三角洲特种部队：刺刀特遣队,3,家居物品,https://orzice.com/oss/sjzPic?u=918,data/collections/images/918_三角洲特种部队：刺刀特遣队.png,https://orzice.com/v/info/918,任意都行,,11535,11535,11535,,0.0,0.0,0.0,"collection,scp_book"
915,三角洲特种部队：黑鹰坠落-战队之刃,3,家居物品,https://orzice.com/oss/sjzPic?u=915,data/collections/images/915_三角洲特种部队：黑鹰坠落-战队之刃.png,https://orzice.com/v/info/915,交易行上架,,11302,11302,11302,,0.0,0.0,0.0,"collection,scp_book"
897,军用罐头,3,家居物品,https://orzice.com/oss/sjzPic?u=897,data/collections/images/897_军用罐头.png,https://orzice.com/v/info/897,交易行上架,,14426,13166,13166,,0.0,9.57,9.57,"collection,scp_book"
912,可乐,3,家居物品,https://orzice.com/oss/sjzPic?u=912,data/collections/images/912_可乐.png,https://orzice.com/v/info/912,交易行上架,,13748,13748,13273,,0.0,0.0,3.58,"collection,scp_book"
914,大豆蛋白粉包,3,家居物品,https://orzice.com/oss/sjzPic?u=914,data/collections/images/914_大豆蛋白粉包.png,https://orzice.com/v/info/914,交易行上架,,13273,18973,13748,,0.0,-30.04,-3.46,"collection,scp_book"
p1369,好粥道-紫薯紫米粥,3,家居物品,https://orzice.com/oss/sjzPic?u=p1369,data/collections/images/p1369_好粥道-紫薯紫米粥.png,https://orzice.com/v/info/p1369,禁止交易,,,,,,,,,scp_book
p1450,小河鲤,3,家居物品,https://orzice.com/oss/sjzPic?u=p1450,data/collections/images/p1450_小河鲤.png,https://orzice.com/v/info/p1450,禁止交易,,,,,,,,,scp_book
905,摩卡咖啡壶,3,家居物品,https://orzice.com/oss/sjzPic?u=905,data/collections/images/905_摩卡咖啡壶.png,https://orzice.com/v/info/905,交易行上架,,13919,17244,13919,,23.89,0.0,23.89,"collection,scp_book"
899,木雕烟斗,3,家居物品,https://orzice.com/oss/sjzPic?u=899,data/collections/images/899_木雕烟斗.png,https://orzice.com/v/info/899,交易行上架,,14472,16452,13812,,18.24,4.01,23.89,"collection,scp_book"
907,糖三角,3,家居物品,https://orzice.com/oss/sjzPic?u=907,data/collections/images/907_糖三角.png,https://orzice.com/v/info/907,交易行上架,,12558,13008,13008,,0.0,-3.46,-3.46,"collection,scp_book"
913,维生素泡腾片,3,家居物品,https://orzice.com/oss/sjzPic?u=913,data/collections/images/913_维生素泡腾片.png,https://orzice.com/v/info/913,任意都行,,10576,13226,10576,,-5.01,-24.04,-5.01,"collection,scp_book"
917,英式袋泡茶,3,家居物品,https://orzice.com/oss/sjzPic?u=917,data/collections/images/917_英式袋泡茶.png,https://orzice.com/v/info/917,交易行上架,,15408,15408,14893,,-3.34,-3.34,0.0,"collection,scp_book"
906,阿萨拉时尚周刊,3,家居物品,https://orzice.com/oss/sjzPic?u=906,data/collections/images/906_阿萨拉时尚周刊.png,https://orzice.com/v/info/906,任意都行,,16958,17853,20538,,5.28,0.0,-13.07,"collection,scp_book"
916,香喷喷炒面,3,家居物品,https://orzice.com/oss/sjzPic?u=916,data/collections/images/916_香喷喷炒面.png,https://orzice.com/v/info/916,任意都行,,8882,8882,8882,,0.0,0.0,0.0,"collection,scp_book"
p1370,好粥道-莲子玉米粥,2,家居物品,https://orzice.com/oss/sjzPic?u=p1370,data/collections/images/p1370_好粥道-莲子玉米粥.png,https://orzice.com/v/info/p1370,禁止交易,,,,,,,,,scp_book
p1371,好粥道-薏米红豆粥,2,家居物品,https://orzice.com/oss/sjzPic?u=p1371,data/collections/images/p1371_好粥道-薏米红豆粥.png,https://orzice.com/v/info/p1371,禁止交易,,,,,,,,,scp_book
932,强力胶,2,家居物品,https://orzice.com/oss/sjzPic?u=932,data/collections/images/932_强力胶.png,https://orzice.com/v/info/932,交易行上架,,2938,2938,2938,,0.0,0.0,0.0,"collection,scp_book"
931,当地再制咖啡,2,家居物品,https://orzice.com/oss/sjzPic?u=931,data/collections/images/931_当地再制咖啡.png,https://orzice.com/v/info/931,交易行上架,,2853,2983,2853,,0.0,-4.36,0.0,"collection,scp_book"
920,无糖缓释能量棒,2,家居物品,https://orzice.com/oss/sjzPic?u=920,data/collections/images/920_无糖缓释能量棒.png,https://orzice.com/v/info/920,交易行上架,,1932,2027,2027,,4.92,0.0,0.0,"collection,scp_book"
926,电火机,2,家居物品,https://orzice.com/oss/sjzPic?u=926,data/collections/images/926_电火机.png,https://orzice.com/v/info/926,交易行上架,,2668,2668,2668,,0.0,0.0,0.0,"collection,scp_book"
922,纯净水,2,家居物品,https://orzice.com/oss/sjzPic?u=922,data/collections/images/922_纯净水.png,https://orzice.com/v/info/922,交易行上架,,2193,2193,2193,,-4.1,-4.1,-4.1,"collection,scp_book"
930,苹果,2,家居物品,https://orzice.com/oss/sjzPic?u=930,data/collections/images/930_苹果.png,https://orzice.com/v/info/930,交易行上架,,2678,2993,2573,,15.68,3.51,20.4,"collection,scp_book"
910,袋装咖啡豆,2,家居物品,https://orzice.com/oss/sjzPic?u=910,data/collections/images/910_袋装咖啡豆.png,https://orzice.com/v/info/910,交易行上架,,5598,5598,5598,,0.0,0.0,0.0,"collection,scp_book"
909,调料套组,2,家居物品,https://orzice.com/oss/sjzPic?u=909,data/collections/images/909_调料套组.png,https://orzice.com/v/info/909,交易行上架,,7074,7074,7074,,0.0,0.0,0.0,"collection,scp_book"
928,迷你氢电池,2,家居物品,https://orzice.com/oss/sjzPic?u=928,data/collections/images/928_迷你氢电池.png,https://orzice.com/v/info/928,交易行上架,,2562,2562,2442,,0.0,0.0,4.91,"collection,scp_book"
924,酒店宣传海报,2,家居物品,https://orzice.com/oss/sjzPic?u=924,data/collections/images/924_酒店宣传海报.png,https://orzice.com/v/info/924,交易行上架,,4739,4739,4739,,0.0,0.0,0.0,"collection,scp_book"
933,野外能量棒,2,家居物品,https://orzice.com/oss/sjzPic?u=933,data/collections/images/933_野外能量棒.png,https://orzice.com/v/info/933,交易行上架,,3018,3018,3018,,0.0,0.0,0.0,"collection,scp_book"
911,阿萨拉娱乐月刊,2,家居物品,https://orzice.com/oss/sjzPic?u=911,data/collections/images/911_阿萨拉娱乐月刊.png,https://orzice.com/v/info/911,交易行上架,,5205,5205,5205,,0.0,0.0,0.0,"collection,scp_book"
908,阿萨拉新闻周刊,2,家居物品,https://orzice.com/oss/sjzPic?u=908,data/collections/images/908_阿萨拉新闻周刊.png,https://orzice.com/v/info/908,交易行上架,,5818,5818,5818,,0.0,0.0,0.0,"collection,scp_book"
921,基础蛋白粉,1,家居物品,https://orzice.com/oss/sjzPic?u=921,data/collections/images/921_基础蛋白粉.png,https://orzice.com/v/info/921,交易行上架,,1012,1012,1012,,0.0,0.0,0.0,"collection,scp_book"
940,扑克牌-10,1,家居物品,https://orzice.com/oss/sjzPic?u=940,data/collections/images/940_扑克牌-10.png,https://orzice.com/v/info/940,交易行上架,,910,910,6010,,120.88,120.88,-66.56,"collection,scp_book"
945,扑克牌-2,1,家居物品,https://orzice.com/oss/sjzPic?u=945,data/collections/images/945_扑克牌-2.png,https://orzice.com/v/info/945,交易行上架,,15002,902,15002,,-93.32,11.09,-93.32,"collection,scp_book"
944,扑克牌-3,1,家居物品,https://orzice.com/oss/sjzPic?u=944,data/collections/images/944_扑克牌-3.png,https://orzice.com/v/info/944,任意都行,,14303,14003,903,,-93.69,-93.55,0.0,"collection,scp_book"
943,扑克牌-4,1,家居物品,https://orzice.com/oss/sjzPic?u=943,data/collections/images/943_扑克牌-4.png,https://orzice.com/v/info/943,任意都行,,14004,904,904,,-93.54,0.0,0.0,"collection,scp_book"
942,扑克牌-5,1,家居物品,https://orzice.com/oss/sjzPic?u=942,data/collections/images/942_扑克牌-5.png,https://orzice.com/v/info/942,任意都行,,905,905,15005,,0.0,0.0,-93.97,"collection,scp_book"
939,扑克牌-6,1,家居物品,https://orzice.com/oss/sjzPic?u=939,data/collections/images/939_扑克牌-6.png,https://orzice.com/v/info/939,交易行上架,,14606,906,956,,2.74,1556.29,1469.67,"collection,scp_book"
941,扑克牌-7,1,家居物品,https://orzice.com/oss/sjzPic?u=941,data/collections/images/941_扑克牌-7.png,https://orzice.com/v/info/941,任意都行,,907,907,907,,0.0,0.0,0.0,"collection,scp_book"
934,扑克牌-8,1,家居物品,https://orzice.com/oss/sjzPic?u=934,data/collections/images/934_扑克牌-8.png,https://orzice.com/v/info/934,任意都行,,5508,15008,14158,,-83.51,-93.95,-93.59,"collection,scp_book"
938,扑克牌-9,1,家居物品,https://orzice.com/oss/sjzPic?u=938,data/collections/images/938_扑克牌-9.png,https://orzice.com/v/info/938,任意都行,,3009,909,909,,-69.79,0.0,0.0,"collection,scp_book"
1039,扑克牌-A,1,家居物品,https://orzice.com/oss/sjzPic?u=1039,data/collections/images/1039_扑克牌-A.png,https://orzice.com/v/info/1039,任意都行,,15001,15001,14601,,-93.99,-93.99,-93.83,"collection,scp_book"
937,扑克牌-J,1,家居物品,https://orzice.com/oss/sjzPic?u=937,data/collections/images/937_扑克牌-J.png,https://orzice.com/v/info/937,交易行上架,,1362,1462,1212,,18.36,10.26,33.0,"collection,scp_book"
925,扑克牌-K,1,家居物品,https://orzice.com/oss/sjzPic?u=925,data/collections/images/925_扑克牌-K.png,https://orzice.com/v/info/925,交易行上架,,1363,1513,1263,,18.34,6.61,27.71,"collection,scp_book"
1219,扑克牌-Q,1,家居物品,https://orzice.com/oss/sjzPic?u=1219,data/collections/images/1219_扑克牌-Q.png,https://orzice.com/v/info/1219,交易行上架,,1412,1512,1262,,14.16,6.61,27.73,"collection,scp_book"
929,扑克牌-大王,1,家居物品,https://orzice.com/oss/sjzPic?u=929,data/collections/images/929_扑克牌-大王.png,https://orzice.com/v/info/929,交易行上架,,1000,13900,13350,,1305.0,1.08,5.24,"collection,scp_book"
923,扑克牌-小王,1,家居物品,https://orzice.com/oss/sjzPic?u=923,data/collections/images/923_扑克牌-小王.png,https://orzice.com/v/info/923,交易行上架,,15049,6349,8199,,0.0,137.03,83.55,"collection,scp_book"
936,昴星干脆面,1,家居物品,https://orzice.com/oss/sjzPic?u=936,data/collections/images/936_昴星干脆面.png,https://orzice.com/v/info/936,交易行上架,,965,965,965,,0.0,0.0,0.0,"collection,scp_book"
919,火柴,1,家居物品,https://orzice.com/oss/sjzPic?u=919,data/collections/images/919_火柴.png,https://orzice.com/v/info/919,交易行上架,,1069,1069,1069,,0.0,0.0,0.0,"collection,scp_book"
927,胡椒瓶,1,家居物品,https://orzice.com/oss/sjzPic?u=927,data/collections/images/927_胡椒瓶.png,https://orzice.com/v/info/927,交易行上架,,1770,1770,1770,,0.0,0.0,0.0,"collection,scp_book"
935,酸奶,1,家居物品,https://orzice.com/oss/sjzPic?u=935,data/collections/images/935_酸奶.png,https://orzice.com/v/info/935,交易行上架,,945,945,945,,0.0,0.0,0.0,"collection,scp_book"
1066,动力电池组,6,能源燃料,https://orzice.com/oss/sjzPic?u=1066,data/collections/images/1066_动力电池组.png,https://orzice.com/v/info/1066,交易行上架,,1,2,2,,-11.54,-14.82,-14.82,"collection,scp_book"
1068,微型反应炉,6,能源燃料,https://orzice.com/oss/sjzPic?u=1068,data/collections/images/1068_微型反应炉.png,https://orzice.com/v/info/1068,交易行上架,,4,4,5,,10.81,5.13,-16.33,"collection,scp_book"
p1346,暗星燃料单元,6,能源燃料,https://orzice.com/oss/sjzPic?u=p1346,data/collections/images/p1346_暗星燃料单元.png,https://orzice.com/v/info/p1346,禁止交易,,,,,,,,,scp_book
1067,装甲车电池,6,能源燃料,https://orzice.com/oss/sjzPic?u=1067,data/collections/images/1067_装甲车电池.png,https://orzice.com/v/info/1067,交易行上架,,3,4,3,,9.26,3.51,7.27,"collection,scp_book"
1247,试制聚变供能单元,6,能源燃料,https://orzice.com/oss/sjzPic?u=1247,data/collections/images/1247_试制聚变供能单元.png,https://orzice.com/v/info/1247,交易行上架,,2,2,2,,-5.0,-5.0,-5.0,"collection,scp_book"
1224,高能瓦斯罐,6,能源燃料,https://orzice.com/oss/sjzPic?u=1224,data/collections/images/1224_高能瓦斯罐.png,https://orzice.com/v/info/1224,交易行上架,,526320,526320,526320,,0.0,0.0,0.0,"collection,scp_book"
1017,固体燃料,5,能源燃料,https://orzice.com/oss/sjzPic?u=1017,data/collections/images/1017_固体燃料.png,https://orzice.com/v/info/1017,任意都行,,68903,68903,68903,,0.0,0.0,0.0,"collection,scp_book"
1259,电子氟化液,5,能源燃料,https://orzice.com/oss/sjzPic?u=1259,data/collections/images/1259_电子氟化液.png,https://orzice.com/v/info/1259,交易行上架,,214398,225683,214398,,5.26,0.0,5.26,"collection,scp_book"
1284,航天冷却剂,5,能源燃料,https://orzice.com/oss/sjzPic?u=1284,data/collections/images/1284_航天冷却剂.png,https://orzice.com/v/info/1284,交易行上架,,390163,353003,645638,,-9.52,0.0,-45.32,"collection,scp_book"
1209,高性能燃油,5,能源燃料,https://orzice.com/oss/sjzPic?u=1209,data/collections/images/1209_高性能燃油.png,https://orzice.com/v/info/1209,任意都行,,146146,146146,153841,,0.0,0.0,-5.0,"collection,scp_book"
1012,便携生存套组,4,能源燃料,https://orzice.com/oss/sjzPic?u=1012,data/collections/images/1012_便携生存套组.png,https://orzice.com/v/info/1012,任意都行,,24350,24350,24350,,0.0,0.0,0.0,"collection,scp_book"
1008,信号棒,4,能源燃料,https://orzice.com/oss/sjzPic?u=1008,data/collections/images/1008_信号棒.png,https://orzice.com/v/info/1008,任意都行,,23084,23084,23084,,0.0,0.0,0.0,"collection,scp_book"
1014,军用露营灯,4,能源燃料,https://orzice.com/oss/sjzPic?u=1014,data/collections/images/1014_军用露营灯.png,https://orzice.com/v/info/1014,交易行上架,,45678,45678,45678,,6.68,6.68,6.68,"collection,scp_book"
1016,燃气喷灯,4,能源燃料,https://orzice.com/oss/sjzPic?u=1016,data/collections/images/1016_燃气喷灯.png,https://orzice.com/v/info/1016,任意都行,,33927,33927,33927,,0.0,0.0,0.0,"collection,scp_book"
1006,多用途电池,3,能源燃料,https://orzice.com/oss/sjzPic?u=1006,data/collections/images/1006_多用途电池.png,https://orzice.com/v/info/1006,任意都行,,8998,8998,8998,,0.0,0.0,0.0,"collection,scp_book"
1005,狩猎火柴,3,能源燃料,https://orzice.com/oss/sjzPic?u=1005,data/collections/images/1005_狩猎火柴.png,https://orzice.com/v/info/1005,交易行上架,,9520,9520,9520,,5.04,5.04,5.04,"collection,scp_book"
1011,轻型户外炉具,3,能源燃料,https://orzice.com/oss/sjzPic?u=1011,data/collections/images/1011_轻型户外炉具.png,https://orzice.com/v/info/1011,任意都行,,23156,23156,23156,,5.27,5.27,5.27,"collection,scp_book"
1003,9V电池,2,能源燃料,https://orzice.com/oss/sjzPic?u=1003,data/collections/images/1003_9V电池.png,https://orzice.com/v/info/1003,交易行上架,,2883,2883,2883,,0.0,0.0,0.0,"collection,scp_book"
1009,充电电池组,2,能源燃料,https://orzice.com/oss/sjzPic?u=1009,data/collections/images/1009_充电电池组.png,https://orzice.com/v/info/1009,交易行上架,,3728,3908,3908,,4.83,0.0,0.0,"collection,scp_book"
1004,盒装蜡烛,1,能源燃料,https://orzice.com/oss/sjzPic?u=1004,data/collections/images/1004_盒装蜡烛.png,https://orzice.com/v/info/1004,交易行上架,,2374,2374,2374,,-4.63,-4.63,-4.63,"collection,scp_book"
1021,ECMO,6,医疗道具,https://orzice.com/oss/sjzPic?u=1021,data/collections/images/1021_ECMO.png,https://orzice.com/v/info/1021,交易行上架,,3,3,3,,3.57,-6.45,-12.12,"collection,scp_book"
1256,便携式生命支持系统,6,医疗道具,https://orzice.com/oss/sjzPic?u=1256,data/collections/images/1256_便携式生命支持系统.png,https://orzice.com/v/info/1256,交易行上架,,648781,648781,648781,,0.0,0.0,0.0,"collection,scp_book"
1024,医疗机械人,6,医疗道具,https://orzice.com/oss/sjzPic?u=1024,data/collections/images/1024_医疗机械人.png,https://orzice.com/v/info/1024,交易行上架,,1,1,1,,0.0,0.0,0.0,"collection,scp_book"
1020,呼吸机,6,医疗道具,https://orzice.com/oss/sjzPic?u=1020,data/collections/images/1020_呼吸机.png,https://orzice.com/v/info/1020,交易行上架,,447606,447606,471166,,0.0,0.0,-5.0,"collection,scp_book"
1023,复苏呼吸机,6,医疗道具,https://orzice.com/oss/sjzPic?u=1023,data/collections/images/1023_复苏呼吸机.png,https://orzice.com/v/info/1023,交易行上架,,5,5,6,,-5.56,-5.56,-15.0,"collection,scp_book"
1018,自动体外除颤器,6,医疗道具,https://orzice.com/oss/sjzPic?u=1018,data/collections/images/1018_自动体外除颤器.png,https://orzice.com/v/info/1018,交易行上架,,1,1,1,,5.26,5.26,0.0,"collection,scp_book"
840,E型滤毒罐,5,医疗道具,https://orzice.com/oss/sjzPic?u=840,data/collections/images/840_E型滤毒罐.png,https://orzice.com/v/info/840,交易行上架,,62236,59271,59271,,0.0,5.0,5.0,"collection,scp_book"
1019,体内除颤器,5,医疗道具,https://orzice.com/oss/sjzPic?u=1019,data/collections/images/1019_体内除颤器.png,https://orzice.com/v/info/1019,任意都行,,58466,58466,58466,,0.0,0.0,0.0,"collection,scp_book"
1261,便携氧气筒,5,医疗道具,https://orzice.com/oss/sjzPic?u=1261,data/collections/images/1261_便携氧气筒.png,https://orzice.com/v/info/1261,任意都行,,158970,158970,158970,,0.0,0.0,0.0,"collection,scp_book"
1262,哮喘吸入器,5,医疗道具,https://orzice.com/oss/sjzPic?u=1262,data/collections/images/1262_哮喘吸入器.png,https://orzice.com/v/info/1262,交易行上架,,82583,90093,105113,,81.84,66.69,42.87,"collection,scp_book"
1026,心脏支架,5,医疗道具,https://orzice.com/oss/sjzPic?u=1026,data/collections/images/1026_心脏支架.png,https://orzice.com/v/info/1026,任意都行,,77364,77364,77364,,0.0,0.0,0.0,"collection,scp_book"
1285,检眼镜,5,医疗道具,https://orzice.com/oss/sjzPic?u=1285,data/collections/images/1285_检眼镜.png,https://orzice.com/v/info/1285,任意都行,,118304,118304,218944,,0.0,0.0,-45.97,"collection,scp_book"
1022,血氧仪,5,医疗道具,https://orzice.com/oss/sjzPic?u=1022,data/collections/images/1022_血氧仪.png,https://orzice.com/v/info/1022,任意都行,,60114,60114,63279,,5.26,5.26,0.0,"collection,scp_book"
1025,静脉定位器,5,医疗道具,https://orzice.com/oss/sjzPic?u=1025,data/collections/images/1025_静脉定位器.png,https://orzice.com/v/info/1025,任意都行,,78711,82856,82856,,5.27,0.0,0.0,"collection,scp_book"
836,人工膝关节,4,医疗道具,https://orzice.com/oss/sjzPic?u=836,data/collections/images/836_人工膝关节.png,https://orzice.com/v/info/836,任意都行,,24434,24434,50514,,0.0,0.0,-51.63,"collection,scp_book"
1286,急救喷雾,4,医疗道具,https://orzice.com/oss/sjzPic?u=1286,data/collections/images/1286_急救喷雾.png,https://orzice.com/v/info/1286,任意都行,,15428,15428,15428,,0.0,0.0,0.0,"collection,scp_book"
837,无菌敷料包,4,医疗道具,https://orzice.com/oss/sjzPic?u=837,data/collections/images/837_无菌敷料包.png,https://orzice.com/v/info/837,交易行上架,,49400,39615,26225,,-21.89,-2.6,47.13,"collection,scp_book"
841,生化培养箱,4,医疗道具,https://orzice.com/oss/sjzPic?u=841,data/collections/images/841_生化培养箱.png,https://orzice.com/v/info/841,任意都行,,56868,56868,56868,,0.0,0.0,0.0,"collection,scp_book"
842,离心机,4,医疗道具,https://orzice.com/oss/sjzPic?u=842,data/collections/images/842_离心机.png,https://orzice.com/v/info/842,任意都行,,61164,61164,61164,,0.0,0.0,0.0,"collection,scp_book"
835,血压仪,4,医疗道具,https://orzice.com/oss/sjzPic?u=835,data/collections/images/835_血压仪.png,https://orzice.com/v/info/835,交易行上架,,39141,39141,39141,,18.78,18.78,18.78,"collection,scp_book"
p1102,鳄鱼血样,4,医疗道具,https://orzice.com/oss/sjzPic?u=p1102,data/collections/images/p1102_鳄鱼血样.png,https://orzice.com/v/info/p1102,禁止交易,,,,,,,,,scp_book
854,医用酒精,3,医疗道具,https://orzice.com/oss/sjzPic?u=854,data/collections/images/854_医用酒精.png,https://orzice.com/v/info/854,交易行上架,,9588,9588,10048,,23.99,23.99,18.31,"collection,scp_book"
834,医疗无人机,3,医疗道具,https://orzice.com/oss/sjzPic?u=834,data/collections/images/834_医疗无人机.png,https://orzice.com/v/info/834,交易行上架,,33900,35205,33900,,3.85,0.0,3.85,"collection,scp_book"
853,听诊器,3,医疗道具,https://orzice.com/oss/sjzPic?u=853,data/collections/images/853_听诊器.png,https://orzice.com/v/info/853,交易行上架,,17816,17816,17816,,-3.34,-3.34,-3.34,"collection,scp_book"
838,电子显微镜,3,医疗道具,https://orzice.com/oss/sjzPic?u=838,data/collections/images/838_电子显微镜.png,https://orzice.com/v/info/838,交易行上架,,15354,14584,19974,,15.04,21.12,-11.57,"collection,scp_book"
843,额温枪,3,医疗道具,https://orzice.com/oss/sjzPic?u=843,data/collections/images/843_额温枪.png,https://orzice.com/v/info/843,交易行上架,,11561,11976,11976,,0.0,-3.47,-3.47,"collection,scp_book"
839,骨锯,3,医疗道具,https://orzice.com/oss/sjzPic?u=839,data/collections/images/839_骨锯.png,https://orzice.com/v/info/839,交易行上架,,99126,164226,26276,,-72.71,-83.53,2.95,"collection,scp_book"
850,小药瓶,2,医疗道具,https://orzice.com/oss/sjzPic?u=850,data/collections/images/850_小药瓶.png,https://orzice.com/v/info/850,交易行上架,,2827,2827,2827,,-4.07,-4.07,-4.07,"collection,scp_book"
846,手术镊子,2,医疗道具,https://orzice.com/oss/sjzPic?u=846,data/collections/images/846_手术镊子.png,https://orzice.com/v/info/846,交易行上架,,2338,2338,2448,,4.7,4.7,0.0,"collection,scp_book"
845,注射器,2,医疗道具,https://orzice.com/oss/sjzPic?u=845,data/collections/images/845_注射器.png,https://orzice.com/v/info/845,任意都行,,34564,34564,2364,,-93.83,-93.83,-9.73,"collection,scp_book"
849,盐溶液,2,医疗道具,https://orzice.com/oss/sjzPic?u=849,data/collections/images/849_盐溶液.png,https://orzice.com/v/info/849,交易行上架,,2048,2363,2258,,15.38,0.0,4.65,"collection,scp_book"
848,输液工具,2,医疗道具,https://orzice.com/oss/sjzPic?u=848,data/collections/images/848_输液工具.png,https://orzice.com/v/info/848,交易行上架,,2621,2496,37621,,4.77,10.02,-92.7,"collection,scp_book"
844,含氟牙膏,1,医疗道具,https://orzice.com/oss/sjzPic?u=844,data/collections/images/844_含氟牙膏.png,https://orzice.com/v/info/844,交易行上架,,2264,2264,2264,,0.0,0.0,0.0,"collection,scp_book"
852,外科手套,1,医疗道具,https://orzice.com/oss/sjzPic?u=852,data/collections/images/852_外科手套.png,https://orzice.com/v/info/852,交易行上架,,1120,1120,1120,,0.0,0.0,0.0,"collection,scp_book"
847,手术剪刀,1,医疗道具,https://orzice.com/oss/sjzPic?u=847,data/collections/images/847_手术剪刀.png,https://orzice.com/v/info/847,交易行上架,,1012,1012,1012,,0.0,0.0,0.0,"collection,scp_book"
851,样本试管,1,医疗道具,https://orzice.com/oss/sjzPic?u=851,data/collections/images/851_样本试管.png,https://orzice.com/v/info/851,交易行上架,,1984,1984,1984,,0.0,0.0,0.0,"collection,scp_book"
1065,Alpha脑机实验数据-渡鸦,6,资料情报,https://orzice.com/oss/sjzPic?u=1065,data/collections/images/1065_Alpha脑机实验数据-渡鸦.png,https://orzice.com/v/info/1065,交易行上架,,185302,185302,176032,,0.0,0.0,5.27,"collection,scp_book"
1051,云存储阵列,6,资料情报,https://orzice.com/oss/sjzPic?u=1051,data/collections/images/1051_云存储阵列.png,https://orzice.com/v/info/1051,交易行上架,,1,1,1,,0.0,5.26,-9.09,"collection,scp_book"
1053,实验数据,6,资料情报,https://orzice.com/oss/sjzPic?u=1053,data/collections/images/1053_实验数据.png,https://orzice.com/v/info/1053,交易行上架,,228243,228243,228243,,5.26,5.26,5.26,"collection,scp_book"
1207,已封存音源,6,资料情报,https://orzice.com/oss/sjzPic?u=1207,data/collections/images/1207_已封存音源.png,https://orzice.com/v/info/1207,交易行上架,,503253,503253,503253,,0.0,0.0,0.0,"collection,scp_book"
p1323,渡鸦的录音数据-1,6,资料情报,https://orzice.com/oss/sjzPic?u=p1323,data/collections/images/p1323_渡鸦的录音数据-1.png,https://orzice.com/v/info/p1323,禁止交易,,,,,,,,,scp_book
1061,潮汐监狱地图-4,6,资料情报,https://orzice.com/oss/sjzPic?u=1061,data/collections/images/1061_潮汐监狱地图-4.png,https://orzice.com/v/info/1061,交易行上架,,310249,310249,372309,,0.0,0.0,-16.67,"collection,scp_book"
1063,绝密服务器,6,资料情报,https://orzice.com/oss/sjzPic?u=1063,data/collections/images/1063_绝密服务器.png,https://orzice.com/v/info/1063,交易行上架,,2,2,2,,0.0,0.0,0.0,"collection,scp_book"
1055,量子存储,6,资料情报,https://orzice.com/oss/sjzPic?u=1055,data/collections/images/1055_量子存储.png,https://orzice.com/v/info/1055,任意都行,,291888,277293,277293,,-5.0,0.0,0.0,"collection,scp_book"
1260,A作战计划书,5,资料情报,https://orzice.com/oss/sjzPic?u=1260,data/collections/images/1260_A作战计划书.png,https://orzice.com/v/info/1260,任意都行,,100612,100612,100612,,0.0,0.0,0.0,"collection,scp_book"
p1324,《逆战·未来》OST光碟,5,资料情报,https://orzice.com/oss/sjzPic?u=p1324,data/collections/images/p1324_《逆战·未来》OST光碟.png,https://orzice.com/v/info/p1324,禁止交易,,,,,,,,,scp_book
1218,军用地图匣,5,资料情报,https://orzice.com/oss/sjzPic?u=1218,data/collections/images/1218_军用地图匣.png,https://orzice.com/v/info/1218,任意都行,,152022,152022,152022,,0.0,0.0,0.0,"collection,scp_book"
p213,哈夫克机密档案,5,资料情报,https://orzice.com/oss/sjzPic?u=p213,data/collections/images/p213_哈夫克机密档案.png,https://orzice.com/v/info/p213,禁止交易,,,,,,,,,scp_book
p1392,好运爆红烟花,5,资料情报,https://orzice.com/oss/sjzPic?u=p1392,data/collections/images/p1392_好运爆红烟花.png,https://orzice.com/v/info/p1392,禁止交易,,,,,,,,,scp_book
p232,机械工蜂模型,5,资料情报,https://orzice.com/oss/sjzPic?u=p232,data/collections/images/p232_机械工蜂模型.png,https://orzice.com/v/info/p232,禁止交易,,,,,,,,,scp_book
p1326,渡鸦的录音数据-2,5,资料情报,https://orzice.com/oss/sjzPic?u=p1326,data/collections/images/p1326_渡鸦的录音数据-2.png,https://orzice.com/v/info/p1326,禁止交易,,,,,,,,,scp_book
p1327,渡鸦的录音数据-3,5,资料情报,https://orzice.com/oss/sjzPic?u=p1327,data/collections/images/p1327_渡鸦的录音数据-3.png,https://orzice.com/v/info/p1327,禁止交易,,,,,,,,,scp_book
p1328,渡鸦的录音数据-4,5,资料情报,https://orzice.com/oss/sjzPic?u=p1328,data/collections/images/p1328_渡鸦的录音数据-4.png,https://orzice.com/v/info/p1328,禁止交易,,,,,,,,,scp_book
1054,潮汐监狱地图-1,5,资料情报,https://orzice.com/oss/sjzPic?u=1054,data/collections/images/1054_潮汐监狱地图-1.png,https://orzice.com/v/info/1054,交易行上架,,12366,13446,10206,,13.1,4.02,37.04,"collection,scp_book"
1056,潮汐监狱地图-2,5,资料情报,https://orzice.com/oss/sjzPic?u=1056,data/collections/images/1056_潮汐监狱地图-2.png,https://orzice.com/v/info/1056,任意都行,,27060,23870,23870,,-11.79,0.0,0.0,"collection,scp_book"
1062,潮汐监狱地图-3,5,资料情报,https://orzice.com/oss/sjzPic?u=1062,data/collections/images/1062_潮汐监狱地图-3.png,https://orzice.com/v/info/1062,任意都行,,78261,78261,82381,,5.26,5.26,0.0,"collection,scp_book"
1057,脑机relink医疗报告,5,资料情报,https://orzice.com/oss/sjzPic?u=1057,data/collections/images/1057_脑机relink医疗报告.png,https://orzice.com/v/info/1057,交易行上架,,143165,143165,136005,,5.0,5.0,10.53,"collection,scp_book"
1257,航天测试数据,5,资料情报,https://orzice.com/oss/sjzPic?u=1257,data/collections/images/1257_航天测试数据.png,https://orzice.com/v/info/1257,任意都行,,75098,75098,75098,,0.0,0.0,0.0,"collection,scp_book"
1064,藏秘筒,5,资料情报,https://orzice.com/oss/sjzPic?u=1064,data/collections/images/1064_藏秘筒.png,https://orzice.com/v/info/1064,任意都行,,57604,57604,57604,,0.0,0.0,0.0,"collection,scp_book"
1058,资料：设计图纸,5,资料情报,https://orzice.com/oss/sjzPic?u=1058,data/collections/images/1058_资料：设计图纸.png,https://orzice.com/v/info/1058,任意都行,,67814,67814,64244,,5.26,5.26,11.11,"collection,scp_book"
p1357,赤枭档案,5,资料情报,https://orzice.com/oss/sjzPic?u=p1357,data/collections/images/p1357_赤枭档案.png,https://orzice.com/v/info/p1357,禁止交易,,,,,,,,,scp_book
1052,阵列服务器,5,资料情报,https://orzice.com/oss/sjzPic?u=1052,data/collections/images/1052_阵列服务器.png,https://orzice.com/v/info/1052,交易行上架,,589425,618900,589425,,5.0,0.0,5.0,"collection,scp_book"
959,雷斯的乐谱本,5,资料情报,https://orzice.com/oss/sjzPic?u=959,data/collections/images/959_雷斯的乐谱本.png,https://orzice.com/v/info/959,任意都行,,82285,90955,95290,,0.0,-9.53,-13.65,"collection,scp_book"
p1365,划伤的B级工卡,4,资料情报,https://orzice.com/oss/sjzPic?u=p1365,data/collections/images/p1365_划伤的B级工卡.png,https://orzice.com/v/info/p1365,禁止交易,,,,,,,,,scp_book
1288,加密手记,4,资料情报,https://orzice.com/oss/sjzPic?u=1288,data/collections/images/1288_加密手记.png,https://orzice.com/v/info/1288,任意都行,,20110,20110,20110,,0.0,0.0,0.0,"collection,scp_book"
1059,加密路由器,4,资料情报,https://orzice.com/oss/sjzPic?u=1059,data/collections/images/1059_加密路由器.png,https://orzice.com/v/info/1059,交易行上架,,45968,79848,45968,,94.76,12.12,94.76,"collection,scp_book"
p1363,断裂的A级工卡,4,资料情报,https://orzice.com/oss/sjzPic?u=p1363,data/collections/images/p1363_断裂的A级工卡.png,https://orzice.com/v/info/p1363,禁止交易,,,,,,,,,scp_book
1248,残缺的档案,4,资料情报,https://orzice.com/oss/sjzPic?u=1248,data/collections/images/1248_残缺的档案.png,https://orzice.com/v/info/1248,交易行上架,,25060,25060,25060,,213.01,213.01,213.01,"collection,scp_book"
p1332,渡鸦的密信,4,资料情报,https://orzice.com/oss/sjzPic?u=p1332,data/collections/images/p1332_渡鸦的密信.png,https://orzice.com/v/info/p1332,禁止交易,,,,,,,,,scp_book
p1330,渡鸦的录音数据-5,4,资料情报,https://orzice.com/oss/sjzPic?u=p1330,data/collections/images/p1330_渡鸦的录音数据-5.png,https://orzice.com/v/info/p1330,禁止交易,,,,,,,,,scp_book
p1331,渡鸦的录音数据-6,4,资料情报,https://orzice.com/oss/sjzPic?u=p1331,data/collections/images/p1331_渡鸦的录音数据-6.png,https://orzice.com/v/info/p1331,禁止交易,,,,,,,,,scp_book
p1362,磁化的A级工卡,4,资料情报,https://orzice.com/oss/sjzPic?u=p1362,data/collections/images/p1362_磁化的A级工卡.png,https://orzice.com/v/info/p1362,禁止交易,,,,,,,,,scp_book
p1364,磨损的B级工卡,4,资料情报,https://orzice.com/oss/sjzPic?u=p1364,data/collections/images/p1364_磨损的B级工卡.png,https://orzice.com/v/info/p1364,禁止交易,,,,,,,,,scp_book
1208,袖珍录像带,4,资料情报,https://orzice.com/oss/sjzPic?u=1208,data/collections/images/1208_袖珍录像带.png,https://orzice.com/v/info/1208,任意都行,,18515,18515,19755,,0.0,0.0,-6.28,"collection,scp_book"
986,资料：军事情报,4,资料情报,https://orzice.com/oss/sjzPic?u=986,data/collections/images/986_资料：军事情报.png,https://orzice.com/v/info/986,交易行上架,,12692,12692,12692,,13.39,13.39,13.39,"collection,scp_book"
1060,阿萨拉卫队机密档案,4,资料情报,https://orzice.com/oss/sjzPic?u=1060,data/collections/images/1060_阿萨拉卫队机密档案.png,https://orzice.com/v/info/1060,交易行上架,,28632,28632,28632,,0.0,0.0,0.0,"collection,scp_book"
p1123,高级情报凭证,4,资料情报,https://orzice.com/oss/sjzPic?u=p1123,data/collections/images/p1123_高级情报凭证.png,https://orzice.com/v/info/p1123,禁止交易,,,,,,,,,scp_book
987,军情录音,3,资料情报,https://orzice.com/oss/sjzPic?u=987,data/collections/images/987_军情录音.png,https://orzice.com/v/info/987,交易行上架,,28655,28655,28655,,262.22,262.22,262.22,"collection,scp_book"
1307,工牌,3,资料情报,https://orzice.com/oss/sjzPic?u=1307,data/collections/images/1307_工牌.png,https://orzice.com/v/info/1307,任意都行,,8065,8065,8065,,0.0,0.0,0.0,"collection,scp_book"
988,情报文件,3,资料情报,https://orzice.com/oss/sjzPic?u=988,data/collections/images/988_情报文件.png,https://orzice.com/v/info/988,交易行上架,,15470,16045,16620,,3.72,0.0,-3.46,"collection,scp_book"
992,资料：商业文件,3,资料情报,https://orzice.com/oss/sjzPic?u=992,data/collections/images/992_资料：商业文件.png,https://orzice.com/v/info/992,任意都行,,7561,7561,7561,,0.0,0.0,0.0,"collection,scp_book"
989,个人信笺,2,资料情报,https://orzice.com/oss/sjzPic?u=989,data/collections/images/989_个人信笺.png,https://orzice.com/v/info/989,交易行上架,,3286,3436,3286,,4.56,0.0,4.56,"collection,scp_book"
994,建筑图纸1号,2,资料情报,https://orzice.com/oss/sjzPic?u=994,data/collections/images/994_建筑图纸1号.png,https://orzice.com/v/info/994,交易行上架,,3122,3262,3122,,0.0,-4.29,0.0,"collection,scp_book"
998,建筑图纸2号,2,资料情报,https://orzice.com/oss/sjzPic?u=998,data/collections/images/998_建筑图纸2号.png,https://orzice.com/v/info/998,交易行上架,,3960,4135,3785,,0.0,-4.23,4.62,"collection,scp_book"
995,建筑图纸3号,2,资料情报,https://orzice.com/oss/sjzPic?u=995,data/collections/images/995_建筑图纸3号.png,https://orzice.com/v/info/995,交易行上架,,3905,3905,3905,,0.0,0.0,0.0,"collection,scp_book"
997,建筑图纸4号,2,资料情报,https://orzice.com/oss/sjzPic?u=997,data/collections/images/997_建筑图纸4号.png,https://orzice.com/v/info/997,交易行上架,,4360,4535,4360,,0.0,-3.86,0.0,"collection,scp_book"
999,建筑图纸5号,2,资料情报,https://orzice.com/oss/sjzPic?u=999,data/collections/images/999_建筑图纸5号.png,https://orzice.com/v/info/999,交易行上架,,3308,3308,3308,,0.0,0.0,0.0,"collection,scp_book"
996,私密笔记簿,2,资料情报,https://orzice.com/oss/sjzPic?u=996,data/collections/images/996_私密笔记簿.png,https://orzice.com/v/info/996,交易行上架,,5323,5323,5323,,-4.04,-4.04,-4.04,"collection,scp_book"
993,签章联运单,2,资料情报,https://orzice.com/oss/sjzPic?u=993,data/collections/images/993_签章联运单.png,https://orzice.com/v/info/993,交易行上架,,4625,4625,4625,,0.0,0.0,0.0,"collection,scp_book"
991,人像照片,1,资料情报,https://orzice.com/oss/sjzPic?u=991,data/collections/images/991_人像照片.png,https://orzice.com/v/info/991,交易行上架,,2054,2054,2054,,0.0,0.0,0.0,"collection,scp_book"
990,军情照片,1,资料情报,https://orzice.com/oss/sjzPic?u=990,data/collections/images/990_军情照片.png,https://orzice.com/v/info/990,交易行上架,,2153,2153,2153,,0.0,0.0,0.0,"collection,scp_book"
1000,当地小报,1,资料情报,https://orzice.com/oss/sjzPic?u=1000,data/collections/images/1000_当地小报.png,https://orzice.com/v/info/1000,交易行上架,,1945,1945,1945,,0.0,0.0,0.0,"collection,scp_book"
1002,物流信息单,1,资料情报,https://orzice.com/oss/sjzPic?u=1002,data/collections/images/1002_物流信息单.png,https://orzice.com/v/info/1002,交易行上架,,1039,1089,1039,,0.0,-4.59,0.0,"collection,scp_book"
1001,资料残页,1,资料情报,https://orzice.com/oss/sjzPic?u=1001,data/collections/images/1001_资料残页.png,https://orzice.com/v/info/1001,交易行上架,,904,904,904,,0.0,0.0,0.0,"collection,scp_book"
