id,mid,name,sub_name,category,type,type_label,x,y,z,floor,grade,tips,diy,run,show,collect,random,point1,point2,image_url,local_image_path
676,2,德穆兰,[安全总监]德穆兰,boss,Boss,Boss,700917,-421030,,0,6,,随机刷新,,,,,,,https://oss.orzice.com/sjz/img/laotai.png,data/maps/modes/2_航天基地/3_绝密/images/676_德穆兰_Boss.png
677,2,德穆兰,[安全总监]德穆兰,boss,Boss,Boss,688145,-449440,,0,6,,随机刷新,,,,,,,https://oss.orzice.com/sjz/img/laotai.png,data/maps/modes/2_航天基地/3_绝密/images/677_德穆兰_Boss.png
2219,2,总裁会客厅,总裁室会客厅,key_room,key,钥匙房,703802,-421635,,0,6,,-,,,,,,,https://playerhub.df.qq.com/playerhub/60004/object/key/p_%E8%88%AA%E5%A4%A9%E5%9F%BA%E5%9C%B0%E9%87%91%E5%8D%A1.png,data/maps/modes/2_航天基地/3_绝密/images/2219_总裁会客厅_key.png
2220,2,黑室服务器,黑室服务器室,key_room,key,钥匙房,707086,-418860,,0,6,,-,,,,,,,https://playerhub.df.qq.com/playerhub/60004/object/key/p_%E8%88%AA%E5%A4%A9%E5%9F%BA%E5%9C%B0%E9%87%91%E5%8D%A1.png,data/maps/modes/2_航天基地/3_绝密/images/2220_黑室服务器_key.png
2221,2,蓝室核心,,key_room,key,钥匙房,707644,-425872,,0,6,,-,,,,,,,https://playerhub.df.qq.com/playerhub/60004/object/key/p_%E8%88%AA%E5%A4%A9%E5%9F%BA%E5%9C%B0%E9%87%91%E5%8D%A1.png,data/maps/modes/2_航天基地/3_绝密/images/2221_蓝室核心_key.png
2373,2,刷卡点,,rare_card_spawn,hong,刷红点,611467,-501505,,0,6,,电脑旁会刷新钥匙卡,,,,,,,https://oss.orzice.com/sjz/img/key/db_2.png,data/maps/modes/2_航天基地/3_绝密/images/2373_刷卡点_hong.png
2374,2,非洲之心,,rare_card_spawn,hong,刷红点,612088,-498410,,0,6,,桌子上会刷新非洲之心,,,,,,,https://playerhub.df.qq.com/playerhub/60004/object/p_15080050006.png,data/maps/modes/2_航天基地/3_绝密/images/2374_非洲之心_hong.png
2375,2,火箭燃料,,rare_card_spawn,hong,刷红点,696892,-511171,,0,6,,后门进门后的空地上会刷新,,,,,,,https://playerhub.df.qq.com/playerhub/60004/object/p_15020010033.png,data/maps/modes/2_航天基地/3_绝密/images/2375_火箭燃料_hong.png
2376,2,卫星锅,G.T.I卫星通信天线,rare_card_spawn,hong,刷红点,612270,-503302,,0,6,,一楼桌子上刷新,,,,,,,https://playerhub.df.qq.com/playerhub/60004/object/p_15030050013.png,data/maps/modes/2_航天基地/3_绝密/images/2376_卫星锅_hong.png
2377,2,卫星锅,G.T.I卫星通信天线,rare_card_spawn,hong,刷红点,612234,-501734,,0,6,,一楼桌子上刷新,,,,,,,https://playerhub.df.qq.com/playerhub/60004/object/p_15030050013.png,data/maps/modes/2_航天基地/3_绝密/images/2377_卫星锅_hong.png
2378,2,卫星锅,G.T.I卫星通信天线,rare_card_spawn,hong,刷红点,612993,-500357,,0,6,,一楼桌子上刷新,,,,,,,https://playerhub.df.qq.com/playerhub/60004/object/p_15030050013.png,data/maps/modes/2_航天基地/3_绝密/images/2378_卫星锅_hong.png
2379,2,非洲之心,,rare_card_spawn,hong,刷红点,698520,-511898,,0,6,,会议室主席台会刷心,,,,,,,https://playerhub.df.qq.com/playerhub/60004/object/p_15080050006.png,data/maps/modes/2_航天基地/3_绝密/images/2379_非洲之心_hong.png
2380,2,卫星锅,G.T.I卫星通信天线,rare_card_spawn,hong,刷红点,718788,-398496,,0,6,,桌子上刷新,,,,,,,https://playerhub.df.qq.com/playerhub/60004/object/p_15030050013.png,data/maps/modes/2_航天基地/3_绝密/images/2380_卫星锅_hong.png
2381,2,卫星锅,G.T.I卫星通信天线,rare_card_spawn,hong,刷红点,664644,-496658,,0,6,,彩蛋房桌子上刷新,,,彩蛋密码门,,,,https://playerhub.df.qq.com/playerhub/60004/object/p_15030050013.png,data/maps/modes/2_航天基地/3_绝密/images/2381_卫星锅_hong.png
2382,2,火箭燃料,,rare_card_spawn,hong,刷红点,661771,-502607,,0,6,,1.操作台上 2.第三个房间桌子 地上会刷新,,,,,,,https://playerhub.df.qq.com/playerhub/60004/object/p_15020010033.png,data/maps/modes/2_航天基地/3_绝密/images/2382_火箭燃料_hong.png
2383,2,火箭燃料,,rare_card_spawn,hong,刷红点,705984,-509753,,0,6,,一楼散落的工具堆前,,,,,,,https://playerhub.df.qq.com/playerhub/60004/object/p_15020010033.png,data/maps/modes/2_航天基地/3_绝密/images/2383_火箭燃料_hong.png
2384,2,火箭燃料,,rare_card_spawn,hong,刷红点,660645,-497502,,0,6,,1.流水线上 2.出生点的临时办公点 地上会刷新,,,,,,,https://playerhub.df.qq.com/playerhub/60004/object/p_15020010033.png,data/maps/modes/2_航天基地/3_绝密/images/2384_火箭燃料_hong.png
2385,2,火箭燃料,,rare_card_spawn,hong,刷红点,706719,-491793,,0,6,,蓝室底部下沉坑中会刷新火箭燃料（在工具柜附近）,,,,,,,https://playerhub.df.qq.com/playerhub/60004/object/p_15020010033.png,data/maps/modes/2_航天基地/3_绝密/images/2385_火箭燃料_hong.png
2386,2,火箭燃料,,rare_card_spawn,hong,刷红点,705258,-419773,,0,6,,中心平台地上会刷新,,,,,,,https://playerhub.df.qq.com/playerhub/60004/object/p_15020010033.png,data/maps/modes/2_航天基地/3_绝密/images/2386_火箭燃料_hong.png
2387,2,火箭燃料,,rare_card_spawn,hong,刷红点,699708,-416782,,0,6,, 储物间椅子旁,,,,,,,https://playerhub.df.qq.com/playerhub/60004/object/p_15020010033.png,data/maps/modes/2_航天基地/3_绝密/images/2387_火箭燃料_hong.png
2388,2,火箭燃料,,rare_card_spawn,hong,刷红点,695272,-425523,,0,6,,浮力室坑底火箭舱内会刷新火箭燃料,,,,,,,https://playerhub.df.qq.com/playerhub/60004/object/p_15020010033.png,data/maps/modes/2_航天基地/3_绝密/images/2388_火箭燃料_hong.png
2390,2,卫星锅,G.T.I卫星通信天线,rare_card_spawn,hong,刷红点,694829,-419079,,0,6,,一楼拉闸点旁会刷新,,,,,,,https://playerhub.df.qq.com/playerhub/60004/object/p_15030050013.png,data/maps/modes/2_航天基地/3_绝密/images/2390_卫星锅_hong.png
2391,2,卫星锅,G.T.I卫星通信天线,rare_card_spawn,hong,刷红点,694798,-423212,,0,6,,浮力室衣物间的两个房子〔浮力医务室外面〕会刷新卫星通信,,,,,,,https://playerhub.df.qq.com/playerhub/60004/object/p_15030050013.png,data/maps/modes/2_航天基地/3_绝密/images/2391_卫星锅_hong.png
2393,2,非洲之心,,rare_card_spawn,hong,刷红点,697628,-492197,,0,6,,二楼指挥室内部桌子上会刷新非洲之心,,,,,,,https://playerhub.df.qq.com/playerhub/60004/object/p_15080050006.png,data/maps/modes/2_航天基地/3_绝密/images/2393_非洲之心_hong.png
2394,2,非洲之心,,rare_card_spawn,hong,刷红点,706886,-424325,,0,6,,在钥匙房〔蓝室核心〕桌子上会刷新非洲之心,,,蓝室核心,,,,https://playerhub.df.qq.com/playerhub/60004/object/p_15080050006.png,data/maps/modes/2_航天基地/3_绝密/images/2394_非洲之心_hong.png
2395,2,非洲之心,,rare_card_spawn,hong,刷红点,705156,-416721,,0,6,,二楼指挥室桌子上会刷新非洲之心,,,,,,,https://playerhub.df.qq.com/playerhub/60004/object/p_15080050006.png,data/maps/modes/2_航天基地/3_绝密/images/2395_非洲之心_hong.png
2396,2,非洲之心,,rare_card_spawn,hong,刷红点,699672,-417437,,0,6,,有储物柜的办公室进门桌子上刷,,,,,,,https://playerhub.df.qq.com/playerhub/60004/object/p_15080050006.png,data/maps/modes/2_航天基地/3_绝密/images/2396_非洲之心_hong.png
2397,2,非洲之心,,rare_card_spawn,hong,刷红点,701960,-420284,,0,6,,总裁室右侧沙发前的茶几上刷心,,,,,,,https://playerhub.df.qq.com/playerhub/60004/object/p_15080050006.png,data/maps/modes/2_航天基地/3_绝密/images/2397_非洲之心_hong.png
2398,2,刷卡点,,rare_card_spawn,hong,刷红点,706107,-424544,,0,6,,蓝室二楼会议室桌子上刷新钥匙卡,,,,,,,https://oss.orzice.com/sjz/img/key/db_2.png,data/maps/modes/2_航天基地/3_绝密/images/2398_刷卡点_hong.png
2399,2,刷卡点,,rare_card_spawn,hong,刷红点,697781,-417592,,0,6,,离心机室一楼医务室进门桌子上会刷新钥匙卡,,,,,,,https://oss.orzice.com/sjz/img/key/db_2.png,data/maps/modes/2_航天基地/3_绝密/images/2399_刷卡点_hong.png
2400,2,刷卡点,,rare_card_spawn,hong,刷红点,700905,-420220,,0,6,,在总裁室桌子上会刷新钥匙卡,,,,,,,https://oss.orzice.com/sjz/img/key/db_2.png,data/maps/modes/2_航天基地/3_绝密/images/2400_刷卡点_hong.png
2401,2,非洲之心,,rare_card_spawn,hong,刷红点,701015,-419850,,0,6,,右侧保险柜房的保险柜中刷心,,,,,,,https://playerhub.df.qq.com/playerhub/60004/object/p_15080050006.png,data/maps/modes/2_航天基地/3_绝密/images/2401_非洲之心_hong.png
2402,2,非洲之心,,rare_card_spawn,hong,刷红点,701720,-420319,,0,6,,展柜刷心,,,总裁室会客厅,,,,https://playerhub.df.qq.com/playerhub/60004/object/p_15080050006.png,data/maps/modes/2_航天基地/3_绝密/images/2402_非洲之心_hong.png
2217,2,蓝室数据,蓝室数据中心,key_room,key,钥匙房,707935,-425851,,0,5,,-,,,,,,,https://playerhub.df.qq.com/playerhub/60004/object/key/p_%E8%88%AA%E5%A4%A9%E5%9F%BA%E5%9C%B0%E7%99%BD%E5%8D%A1.png,data/maps/modes/2_航天基地/3_绝密/images/2217_蓝室数据_key.png
2218,2,东区吊桥,,key_room,key,钥匙房,717603,-416644,,0,5,,-,,,,,,,https://playerhub.df.qq.com/playerhub/60004/object/key/p_%E8%88%AA%E5%A4%A9%E5%9F%BA%E5%9C%B0%E7%99%BD%E5%8D%A1.png,data/maps/modes/2_航天基地/3_绝密/images/2218_东区吊桥_key.png
2210,2,蓝室玻璃房,,key_room,key,钥匙房,708577,-422629,,0,4,,一楼进门左转,,,,,,,https://playerhub.df.qq.com/playerhub/60004/object/key/p_%E8%88%AA%E5%A4%A9%E5%9F%BA%E5%9C%B0%E7%99%BD%E5%8D%A1.png,data/maps/modes/2_航天基地/3_绝密/images/2210_蓝室玻璃房_key.png
2211,2,浮力室医务间,,key_room,key,钥匙房,695416,-420795,,0,4,,-,,,,,,,https://playerhub.df.qq.com/playerhub/60004/object/key/p_%E8%88%AA%E5%A4%A9%E5%9F%BA%E5%9C%B0%E7%99%BD%E5%8D%A1.png,data/maps/modes/2_航天基地/3_绝密/images/2211_浮力室医务间_key.png
2212,2,组装车间二楼,组装车间二楼实验室,key_room,key,钥匙房,661712,-499601,,0,4,,-,,,,,,,https://playerhub.df.qq.com/playerhub/60004/object/key/p_%E8%88%AA%E5%A4%A9%E5%9F%BA%E5%9C%B0%E7%99%BD%E5%8D%A1.png,data/maps/modes/2_航天基地/3_绝密/images/2212_组装车间二楼_key.png
2213,2,3号宿舍里屋,,key_room,key,钥匙房,610739,-498326,,0,4,,-,,,,,,,https://playerhub.df.qq.com/playerhub/60004/object/key/p_%E8%88%AA%E5%A4%A9%E5%9F%BA%E5%9C%B0%E7%99%BD%E5%8D%A1.png,data/maps/modes/2_航天基地/3_绝密/images/2213_3号宿舍里屋_key.png
2214,2,中控室三楼,,key_room,key,钥匙房,701893,-510185,,0,4,,-,,,,,,,https://playerhub.df.qq.com/playerhub/60004/object/key/p_%E8%88%AA%E5%A4%A9%E5%9F%BA%E5%9C%B0%E7%99%BD%E5%8D%A1.png,data/maps/modes/2_航天基地/3_绝密/images/2214_中控室三楼_key.png
2215,2,西区大门,,key_room,key,钥匙房,622252,-422634,,0,4,,-,,,,,,,https://playerhub.df.qq.com/playerhub/60004/object/key/p_%E8%88%AA%E5%A4%A9%E5%9F%BA%E5%9C%B0%E7%99%BD%E5%8D%A1.png,data/maps/modes/2_航天基地/3_绝密/images/2215_西区大门_key.png
2216,2,员工通道,,key_room,key,钥匙房,714096,-500234,,0,4,,-,,,,,,,https://playerhub.df.qq.com/playerhub/60004/object/key/p_%E8%88%AA%E5%A4%A9%E5%9F%BA%E5%9C%B0%E7%99%BD%E5%8D%A1.png,data/maps/modes/2_航天基地/3_绝密/images/2216_员工通道_key.png
2222,2,员工通道,,key_room,key,钥匙房,689826,-498205,,0,4,,-,,,,,,,https://playerhub.df.qq.com/playerhub/60004/object/key/p_%E8%88%AA%E5%A4%A9%E5%9F%BA%E5%9C%B0%E7%99%BD%E5%8D%A1.png,data/maps/modes/2_航天基地/3_绝密/images/2222_员工通道_key.png
363,2,衣服,,loot_point,wzd,物资点,695417,-418204,-20926.5,0,0,,中心区,,,,,,,https://game.gtimg.cn/images/dfm/cp/a20240729directory/img/lv3/yf.png,data/maps/modes/2_航天基地/3_绝密/images/363_衣服_wzd.png
364,2,衣服,,loot_point,wzd,物资点,704902,-491851,-21955.2,0,0,,中心区,,,,,,,https://game.gtimg.cn/images/dfm/cp/a20240729directory/img/lv3/yf.png,data/maps/modes/2_航天基地/3_绝密/images/364_衣服_wzd.png
365,2,衣服,,loot_point,wzd,物资点,662469,-504150,-22619,0,0,,东区,,,,,,,https://game.gtimg.cn/images/dfm/cp/a20240729directory/img/lv3/yf.png,data/maps/modes/2_航天基地/3_绝密/images/365_衣服_wzd.png
366,2,衣服,,loot_point,wzd,物资点,664620,-504150,-22620,0,0,,东区,,,,,,,https://game.gtimg.cn/images/dfm/cp/a20240729directory/img/lv3/yf.png,data/maps/modes/2_航天基地/3_绝密/images/366_衣服_wzd.png
367,2,衣服,,loot_point,wzd,物资点,662098,-496123,-22033.6,0,0,,东区,,,,,,,https://game.gtimg.cn/images/dfm/cp/a20240729directory/img/lv3/yf.png,data/maps/modes/2_航天基地/3_绝密/images/367_衣服_wzd.png
368,2,衣服,,loot_point,wzd,物资点,612332,-501786,-21672.4,0,0,,西区,,,,,,,https://game.gtimg.cn/images/dfm/cp/a20240729directory/img/lv3/yf.png,data/maps/modes/2_航天基地/3_绝密/images/368_衣服_wzd.png
369,2,衣服,,loot_point,wzd,物资点,697414,-492694,-19886.7,0,0,,中心区,,,,,,,https://game.gtimg.cn/images/dfm/cp/a20240729directory/img/lv3/yf.png,data/maps/modes/2_航天基地/3_绝密/images/369_衣服_wzd.png
370,2,衣服,,loot_point,wzd,物资点,697414,-492644,-19886.7,0,0,,中心区,,,,,,,https://game.gtimg.cn/images/dfm/cp/a20240729directory/img/lv3/yf.png,data/maps/modes/2_航天基地/3_绝密/images/370_衣服_wzd.png
371,2,衣服,,loot_point,wzd,物资点,698211,-508188,-20695.8,0,0,,中控室,,,,,,,https://game.gtimg.cn/images/dfm/cp/a20240729directory/img/lv3/yf.png,data/maps/modes/2_航天基地/3_绝密/images/371_衣服_wzd.png
372,2,衣服,,loot_point,wzd,物资点,698211,-508859,-20695.8,0,0,,中控室,,,,,,,https://game.gtimg.cn/images/dfm/cp/a20240729directory/img/lv3/yf.png,data/maps/modes/2_航天基地/3_绝密/images/372_衣服_wzd.png
373,2,衣服,,loot_point,wzd,物资点,696741,-509374,-20695.8,0,0,,中控室,,,,,,,https://game.gtimg.cn/images/dfm/cp/a20240729directory/img/lv3/yf.png,data/maps/modes/2_航天基地/3_绝密/images/373_衣服_wzd.png
374,2,衣服,,loot_point,wzd,物资点,664838,-502117,-22635,0,0,,东区,,,,,,,https://game.gtimg.cn/images/dfm/cp/a20240729directory/img/lv3/yf.png,data/maps/modes/2_航天基地/3_绝密/images/374_衣服_wzd.png
375,2,实验服,,loot_point,wzd,物资点,704027,-421643,-19670,0,0,,中心区,,,需要使用钥匙卡才能开启,,,,https://game.gtimg.cn/images/dfm/cp/a20240729directory/img/lv3/yf_s.png,data/maps/modes/2_航天基地/3_绝密/images/375_实验服_wzd.png
376,2,实验服,,loot_point,wzd,物资点,704027,-421010,-19670,0,0,,中心区,,,需要使用钥匙卡才能开启,,,,https://game.gtimg.cn/images/dfm/cp/a20240729directory/img/lv3/yf_s.png,data/maps/modes/2_航天基地/3_绝密/images/376_实验服_wzd.png
377,2,实验服,,loot_point,wzd,物资点,707110,-416746,-21199.4,0,0,,中心区,,,需要使用钥匙卡才能开启,,,,https://game.gtimg.cn/images/dfm/cp/a20240729directory/img/lv3/yf_s.png,data/maps/modes/2_航天基地/3_绝密/images/377_实验服_wzd.png
378,2,实验服,,loot_point,wzd,物资点,694726,-417780,-20870,0,0,,中心区,,,,,,,https://game.gtimg.cn/images/dfm/cp/a20240729directory/img/lv3/yf_s.png,data/maps/modes/2_航天基地/3_绝密/images/378_实验服_wzd.png
379,2,实验服,,loot_point,wzd,物资点,664999,-502473,-22572,0,0,,东区,,,,,,,https://game.gtimg.cn/images/dfm/cp/a20240729directory/img/lv3/yf_s.png,data/maps/modes/2_航天基地/3_绝密/images/379_实验服_wzd.png
380,2,实验服,,loot_point,wzd,物资点,611720,-501127,-21785,0,0,,西区,,,需要使用钥匙卡才能开启,,,,https://game.gtimg.cn/images/dfm/cp/a20240729directory/img/lv3/yf_s.png,data/maps/modes/2_航天基地/3_绝密/images/380_实验服_wzd.png
381,2,实验服,,loot_point,wzd,物资点,613166,-499723,-22040,0,0,,西区,,,,,,,https://game.gtimg.cn/images/dfm/cp/a20240729directory/img/lv3/yf_s.png,data/maps/modes/2_航天基地/3_绝密/images/381_实验服_wzd.png
382,2,实验服,,loot_point,wzd,物资点,699493,-419308,-20865,0,0,,中心区,,,,,,,https://game.gtimg.cn/images/dfm/cp/a20240729directory/img/lv3/yf_s.png,data/maps/modes/2_航天基地/3_绝密/images/382_实验服_wzd.png
383,2,实验服,,loot_point,wzd,物资点,692019,-416795,-22735.5,0,0,,中心区,,,,,,,https://game.gtimg.cn/images/dfm/cp/a20240729directory/img/lv3/yf_s.png,data/maps/modes/2_航天基地/3_绝密/images/383_实验服_wzd.png
384,2,实验服,,loot_point,wzd,物资点,707782,-425659,-20319.6,0,0,,中心区,,,需要使用钥匙卡才能开启,,,,https://game.gtimg.cn/images/dfm/cp/a20240729directory/img/lv3/yf_s.png,data/maps/modes/2_航天基地/3_绝密/images/384_实验服_wzd.png
385,2,实验服,,loot_point,wzd,物资点,701921,-510805,-20240.7,0,0,,中控室,,,需要使用钥匙卡才能开启,,,,https://game.gtimg.cn/images/dfm/cp/a20240729directory/img/lv3/yf_s.png,data/maps/modes/2_航天基地/3_绝密/images/385_实验服_wzd.png
386,2,实验服,,loot_point,wzd,物资点,662962,-494558,-22005.9,0,0,,东区,,,,,,,https://game.gtimg.cn/images/dfm/cp/a20240729directory/img/lv3/yf_s.png,data/maps/modes/2_航天基地/3_绝密/images/386_实验服_wzd.png
387,2,实验服,,loot_point,wzd,物资点,661863,-498102,-22003,0,0,,东区,,,需要使用钥匙卡才能开启,,,,https://game.gtimg.cn/images/dfm/cp/a20240729directory/img/lv3/yf_s.png,data/maps/modes/2_航天基地/3_绝密/images/387_实验服_wzd.png
388,2,衣服,,loot_point,wzd,物资点,710404,-416458,-21716,0,0,,中心区,,,,,,,https://game.gtimg.cn/images/dfm/cp/a20240729directory/img/lv3/yf.png,data/maps/modes/2_航天基地/3_绝密/images/388_衣服_wzd.png
389,2,衣服,,loot_point,wzd,物资点,710522,-416513,-21712,0,0,,中心区,,,,,,,https://game.gtimg.cn/images/dfm/cp/a20240729directory/img/lv3/yf.png,data/maps/modes/2_航天基地/3_绝密/images/389_衣服_wzd.png
390,2,衣服,,loot_point,wzd,物资点,697401,-423416,-21171,0,0,,中心区,,,,,,,https://game.gtimg.cn/images/dfm/cp/a20240729directory/img/lv3/yf.png,data/maps/modes/2_航天基地/3_绝密/images/390_衣服_wzd.png
391,2,保险柜,,loot_point,wzd,物资点,703630,-418181,-19796.2,0,0,,中心区,,,需要使用钥匙卡才能开启,,,,https://game.gtimg.cn/images/dfm/cp/a20240729directory/img/lv3/bxx.png,data/maps/modes/2_航天基地/3_绝密/images/391_保险柜_wzd.png
392,2,保险柜,,loot_point,wzd,物资点,704285,-418178,-19796.2,0,0,,中心区,,,需要使用钥匙卡才能开启,,,,https://game.gtimg.cn/images/dfm/cp/a20240729directory/img/lv3/bxx.png,data/maps/modes/2_航天基地/3_绝密/images/392_保险柜_wzd.png
393,2,保险柜,,loot_point,wzd,物资点,694467,-419080,-21012.8,0,0,,中心区,,,,,,,https://game.gtimg.cn/images/dfm/cp/a20240729directory/img/lv3/bxx.png,data/maps/modes/2_航天基地/3_绝密/images/393_保险柜_wzd.png
394,2,保险柜,,loot_point,wzd,物资点,696068,-422493,-27889.7,0,0,,中心区,,,,,,,https://game.gtimg.cn/images/dfm/cp/a20240729directory/img/lv3/bxx.png,data/maps/modes/2_航天基地/3_绝密/images/394_保险柜_wzd.png
395,2,保险柜,,loot_point,wzd,物资点,710025,-425891,-20500.8,0,0,,中心区,,,需要使用钥匙卡才能开启,,,,https://game.gtimg.cn/images/dfm/cp/a20240729directory/img/lv3/bxx.png,data/maps/modes/2_航天基地/3_绝密/images/395_保险柜_wzd.png
396,2,保险柜,,loot_point,wzd,物资点,707138,-493559,-22485.4,0,0,,中心区,,,,,,,https://game.gtimg.cn/images/dfm/cp/a20240729directory/img/lv3/bxx.png,data/maps/modes/2_航天基地/3_绝密/images/396_保险柜_wzd.png
397,2,保险柜,,loot_point,wzd,物资点,700817,-423638,-19957.3,0,0,,中心区,,,,,,,https://game.gtimg.cn/images/dfm/cp/a20240729directory/img/lv3/bxx.png,data/maps/modes/2_航天基地/3_绝密/images/397_保险柜_wzd.png
398,2,保险柜,,loot_point,wzd,物资点,700790,-510559,-20768,0,0,,中控室,,,,,,,https://game.gtimg.cn/images/dfm/cp/a20240729directory/img/lv3/bxx.png,data/maps/modes/2_航天基地/3_绝密/images/398_保险柜_wzd.png
399,2,衣服,,loot_point,wzd,物资点,701712,-421548,-19839.8,0,0,,中心区,,,,,,,https://game.gtimg.cn/images/dfm/cp/a20240729directory/img/lv3/yf.png,data/maps/modes/2_航天基地/3_绝密/images/399_衣服_wzd.png
400,2,衣服,,loot_point,wzd,物资点,612240,-500900,-21916,0,0,,西区,,,需要使用钥匙卡才能开启,,,,https://game.gtimg.cn/images/dfm/cp/a20240729directory/img/lv3/yf.png,data/maps/modes/2_航天基地/3_绝密/images/400_衣服_wzd.png
401,2,衣服,,loot_point,wzd,物资点,701750,-423503,-19896.1,0,0,,中心区,,,,,,,https://game.gtimg.cn/images/dfm/cp/a20240729directory/img/lv3/yf.png,data/maps/modes/2_航天基地/3_绝密/images/401_衣服_wzd.png
402,2,衣服,,loot_point,wzd,物资点,696561,-508797,-21920,0,0,,中控室,,,,,,,https://game.gtimg.cn/images/dfm/cp/a20240729directory/img/lv3/yf.png,data/maps/modes/2_航天基地/3_绝密/images/402_衣服_wzd.png
403,2,衣服,,loot_point,wzd,物资点,706758,-420461,-22030.3,0,0,,中心区,,,,,,,https://game.gtimg.cn/images/dfm/cp/a20240729directory/img/lv3/yf.png,data/maps/modes/2_航天基地/3_绝密/images/403_衣服_wzd.png
404,2,快递箱,,loot_point,wzd,物资点,695117,-417726,-21011.5,0,0,,中心区,,,,,,,https://game.gtimg.cn/images/dfm/cp/a20240729directory/img/lv3/kdx.png,data/maps/modes/2_航天基地/3_绝密/images/404_快递箱_wzd.png
405,2,快递箱,,loot_point,wzd,物资点,706395,-493370,-21012.8,0,0,,中心区,,,,,,,https://game.gtimg.cn/images/dfm/cp/a20240729directory/img/lv3/kdx.png,data/maps/modes/2_航天基地/3_绝密/images/405_快递箱_wzd.png
406,2,快递箱,,loot_point,wzd,物资点,697206,-419110,-20913,0,0,,中心区,,,,,,,https://game.gtimg.cn/images/dfm/cp/a20240729directory/img/lv3/kdx.png,data/maps/modes/2_航天基地/3_绝密/images/406_快递箱_wzd.png
407,2,快递箱,,loot_point,wzd,物资点,705540,-509004,-21903.9,0,0,,中控室,,,,,,,https://game.gtimg.cn/images/dfm/cp/a20240729directory/img/lv3/kdx.png,data/maps/modes/2_航天基地/3_绝密/images/407_快递箱_wzd.png
408,2,快递箱,,loot_point,wzd,物资点,701228,-510190,-20668.2,0,0,,中控室,,,,,,,https://game.gtimg.cn/images/dfm/cp/a20240729directory/img/lv3/kdx.png,data/maps/modes/2_航天基地/3_绝密/images/408_快递箱_wzd.png
409,2,快递箱,,loot_point,wzd,物资点,701295,-510327,-20768,0,0,,中控室,,,,,,,https://game.gtimg.cn/images/dfm/cp/a20240729directory/img/lv3/kdx.png,data/maps/modes/2_航天基地/3_绝密/images/409_快递箱_wzd.png
410,2,快递箱,,loot_point,wzd,物资点,699868,-510888,-20768,0,0,,中控室,,,,,,,https://game.gtimg.cn/images/dfm/cp/a20240729directory/img/lv3/kdx.png,data/maps/modes/2_航天基地/3_绝密/images/410_快递箱_wzd.png
411,2,快递箱,,loot_point,wzd,物资点,663291,-495684,-22926,0,0,,东区,,,,,,,https://game.gtimg.cn/images/dfm/cp/a20240729directory/img/lv3/kdx.png,data/maps/modes/2_航天基地/3_绝密/images/411_快递箱_wzd.png
412,2,快递箱,,loot_point,wzd,物资点,663346,-496510,-22926,0,0,,东区,,,,,,,https://game.gtimg.cn/images/dfm/cp/a20240729directory/img/lv3/kdx.png,data/maps/modes/2_航天基地/3_绝密/images/412_快递箱_wzd.png
413,2,快递箱,,loot_point,wzd,物资点,663363,-497634,-22066,0,0,,东区,,,,,,,https://game.gtimg.cn/images/dfm/cp/a20240729directory/img/lv3/kdx.png,data/maps/modes/2_航天基地/3_绝密/images/413_快递箱_wzd.png
414,2,快递箱,,loot_point,wzd,物资点,663225,-499182,-22141.3,0,0,,东区,,,需要使用钥匙卡才能开启,,,,https://game.gtimg.cn/images/dfm/cp/a20240729directory/img/lv3/kdx.png,data/maps/modes/2_航天基地/3_绝密/images/414_快递箱_wzd.png
415,2,登山包,,loot_point,wzd,物资点,708063,-417090,-22035,0,0,,行动奖励,,,需要完成局内行动才能开启,,,,https://game.gtimg.cn/images/dfm/cp/a20240729directory/img/lv3/dsb.png,data/maps/modes/2_航天基地/3_绝密/images/415_登山包_wzd.png
416,2,登山包,,loot_point,wzd,物资点,697601,-492322,-21978.5,0,0,,行动奖励,,,需要完成局内行动才能开启,,,,https://game.gtimg.cn/images/dfm/cp/a20240729directory/img/lv3/dsb.png,data/maps/modes/2_航天基地/3_绝密/images/416_登山包_wzd.png
417,2,登山包,,loot_point,wzd,物资点,697675,-492402,-22036.8,0,0,,行动奖励,,,需要完成局内行动才能开启,,,,https://game.gtimg.cn/images/dfm/cp/a20240729directory/img/lv3/dsb.png,data/maps/modes/2_航天基地/3_绝密/images/417_登山包_wzd.png
418,2,登山包,,loot_point,wzd,物资点,702055,-508123,-21920,0,0,,中控室,,,,,,,https://game.gtimg.cn/images/dfm/cp/a20240729directory/img/lv3/dsb.png,data/maps/modes/2_航天基地/3_绝密/images/418_登山包_wzd.png
419,2,藏匿物,,loot_point,wzd,物资点,618854,-501931,-22352,0,0,,西区,,,,,,,https://game.gtimg.cn/images/dfm/cp/a20240729directory/img/lv3/cnw.png,data/maps/modes/2_航天基地/3_绝密/images/419_藏匿物_wzd.png
420,2,藏匿物,,loot_point,wzd,物资点,703468,-403824,-22367.2,0,0,,水平试车场,,,,,,,https://game.gtimg.cn/images/dfm/cp/a20240729directory/img/lv3/cnw.png,data/maps/modes/2_航天基地/3_绝密/images/420_藏匿物_wzd.png
421,2,藏匿物,,loot_point,wzd,物资点,698483,-502972,-22353.4,0,0,,中控室,,,,,,,https://game.gtimg.cn/images/dfm/cp/a20240729directory/img/lv3/cnw.png,data/maps/modes/2_航天基地/3_绝密/images/421_藏匿物_wzd.png
422,2,藏匿物,,loot_point,wzd,物资点,710897,-503920,-22353,0,0,,东区,,,,,,,https://game.gtimg.cn/images/dfm/cp/a20240729directory/img/lv3/cnw.png,data/maps/modes/2_航天基地/3_绝密/images/422_藏匿物_wzd.png
423,2,藏匿物,,loot_point,wzd,物资点,662751,-418108,-22949.1,0,0,,东区,,,,,,,https://game.gtimg.cn/images/dfm/cp/a20240729directory/img/lv3/cnw.png,data/maps/modes/2_航天基地/3_绝密/images/423_藏匿物_wzd.png
424,2,电脑机箱,,loot_point,wzd,物资点,710451,-416511,-21364.8,0,0,,中心区,,,需要使用钥匙卡才能开启,,,,https://game.gtimg.cn/images/dfm/cp/a20240729directory/img/lv3/dnjx.png,data/maps/modes/2_航天基地/3_绝密/images/424_电脑机箱_wzd.png
425,2,电脑机箱,,loot_point,wzd,物资点,708869,-416328,-21364.8,0,0,,中心区,,,需要使用钥匙卡才能开启,,,,https://game.gtimg.cn/images/dfm/cp/a20240729directory/img/lv3/dnjx.png,data/maps/modes/2_航天基地/3_绝密/images/425_电脑机箱_wzd.png
426,2,电脑机箱,,loot_point,wzd,物资点,717141,-398943,-22055.2,0,0,,水平试车场,,,,,,,https://game.gtimg.cn/images/dfm/cp/a20240729directory/img/lv3/dnjx.png,data/maps/modes/2_航天基地/3_绝密/images/426_电脑机箱_wzd.png
427,2,电脑机箱,,loot_point,wzd,物资点,694904,-417073,-21012.3,0,0,,中心区,,,,,,,https://game.gtimg.cn/images/dfm/cp/a20240729directory/img/lv3/dnjx.png,data/maps/modes/2_航天基地/3_绝密/images/427_电脑机箱_wzd.png
428,2,电脑机箱,,loot_point,wzd,物资点,696621,-417474,-21780.8,0,0,,中心区,,,,,,,https://game.gtimg.cn/images/dfm/cp/a20240729directory/img/lv3/dnjx.png,data/maps/modes/2_航天基地/3_绝密/images/428_电脑机箱_wzd.png
429,2,电脑机箱,,loot_point,wzd,物资点,700880,-419648,-19802.5,0,0,,中心区,,,,,,,https://game.gtimg.cn/images/dfm/cp/a20240729directory/img/lv3/dnjx.png,data/maps/modes/2_航天基地/3_绝密/images/429_电脑机箱_wzd.png
430,2,电脑机箱,,loot_point,wzd,物资点,694806,-424940,-21364.8,0,0,,中心区,,,,,,,https://game.gtimg.cn/images/dfm/cp/a20240729directory/img/lv3/dnjx.png,data/maps/modes/2_航天基地/3_绝密/images/430_电脑机箱_wzd.png
431,2,电脑机箱,,loot_point,wzd,物资点,706469,-493053,-21013,0,0,,中心区,,,,,,,https://game.gtimg.cn/images/dfm/cp/a20240729directory/img/lv3/dnjx.png,data/maps/modes/2_航天基地/3_绝密/images/431_电脑机箱_wzd.png
432,2,电脑机箱,,loot_point,wzd,物资点,700828,-509160,-20768,0,0,,中控室,,,,,,,https://game.gtimg.cn/images/dfm/cp/a20240729directory/img/lv3/dnjx.png,data/maps/modes/2_航天基地/3_绝密/images/432_电脑机箱_wzd.png
433,2,电脑机箱,,loot_point,wzd,物资点,662775,-499068,-22142.3,0,0,,东区,,,需要使用钥匙卡才能开启,,,,https://game.gtimg.cn/images/dfm/cp/a20240729directory/img/lv3/dnjx.png,data/maps/modes/2_航天基地/3_绝密/images/433_电脑机箱_wzd.png
434,2,鸟窝,,loot_point,wzd,物资点,621196,-412397,-22189.1,0,0,,中心区,,,,,,,https://game.gtimg.cn/images/dfm/cp/a20240729directory/img/lv3/nw.png,data/maps/modes/2_航天基地/3_绝密/images/434_鸟窝_wzd.png
435,2,鸟窝,,loot_point,wzd,物资点,707543,-403538,-21925.3,0,0,,水平试车场,,,,,,,https://game.gtimg.cn/images/dfm/cp/a20240729directory/img/lv3/nw.png,data/maps/modes/2_航天基地/3_绝密/images/435_鸟窝_wzd.png
436,2,鸟窝,,loot_point,wzd,物资点,720126,-425114,-22950.7,0,0,,东区,,,,,,,https://game.gtimg.cn/images/dfm/cp/a20240729directory/img/lv3/nw.png,data/maps/modes/2_航天基地/3_绝密/images/436_鸟窝_wzd.png
437,2,鸟窝,,loot_point,wzd,物资点,720260,-501173,-22932,0,0,,东区,,,,,,,https://game.gtimg.cn/images/dfm/cp/a20240729directory/img/lv3/nw.png,data/maps/modes/2_航天基地/3_绝密/images/437_鸟窝_wzd.png
438,2,鸟窝,,loot_point,wzd,物资点,718007,-506511,-22665.9,0,0,,东区,,,,,,,https://game.gtimg.cn/images/dfm/cp/a20240729directory/img/lv3/nw.png,data/maps/modes/2_航天基地/3_绝密/images/438_鸟窝_wzd.png
439,2,鸟窝,,loot_point,wzd,物资点,713250,-510526,-22097.8,0,0,,东区,,,,,,,https://game.gtimg.cn/images/dfm/cp/a20240729directory/img/lv3/nw.png,data/maps/modes/2_航天基地/3_绝密/images/439_鸟窝_wzd.png
440,2,手提箱,,loot_point,wzd,物资点,611495,-501404,-22225.2,0,0,,西区,,,,,,,https://game.gtimg.cn/images/dfm/cp/a20240729directory/img/lv3/stx.png,data/maps/modes/2_航天基地/3_绝密/images/440_手提箱_wzd.png
441,2,手提箱,,loot_point,wzd,物资点,615735,-500438,-22097.5,0,0,,西区,,,,,,,https://game.gtimg.cn/images/dfm/cp/a20240729directory/img/lv3/stx.png,data/maps/modes/2_航天基地/3_绝密/images/441_手提箱_wzd.png
442,2,手提箱,,loot_point,wzd,物资点,710051,-415772,-21924.1,0,0,,中心区,,,,,,,https://game.gtimg.cn/images/dfm/cp/a20240729directory/img/lv3/stx.png,data/maps/modes/2_航天基地/3_绝密/images/442_手提箱_wzd.png
443,2,手提箱,,loot_point,wzd,物资点,701279,-417903,-19716,0,0,,中心区,,,,,,,https://game.gtimg.cn/images/dfm/cp/a20240729directory/img/lv3/stx.png,data/maps/modes/2_航天基地/3_绝密/images/443_手提箱_wzd.png
444,2,手提箱,,loot_point,wzd,物资点,695757,-492652,-22013,0,0,,中心区,,,,,,,https://game.gtimg.cn/images/dfm/cp/a20240729directory/img/lv3/stx.png,data/maps/modes/2_航天基地/3_绝密/images/444_手提箱_wzd.png
445,2,手提箱,,loot_point,wzd,物资点,706458,-507749,-20615,0,0,,行动奖励,,,需要完成局内行动才能开启,,,,https://game.gtimg.cn/images/dfm/cp/a20240729directory/img/lv3/stx.png,data/maps/modes/2_航天基地/3_绝密/images/445_手提箱_wzd.png
446,2,手提箱,,loot_point,wzd,物资点,704861,-507736,-20639.9,0,0,,行动奖励,,,需要完成局内行动才能开启,,,,https://game.gtimg.cn/images/dfm/cp/a20240729directory/img/lv3/stx.png,data/maps/modes/2_航天基地/3_绝密/images/446_手提箱_wzd.png
447,2,野外物资箱,,loot_point,wzd,物资点,621175,-456608,-20702.5,0,0,,发射区,,,,,,,https://game.gtimg.cn/images/dfm/cp/a20240729directory/img/lv3/ywwzx.png,data/maps/modes/2_航天基地/3_绝密/images/447_野外物资箱_wzd.png
448,2,野外物资箱,,loot_point,wzd,物资点,694863,-454089,-21756,0,0,,发射区,,,,,,,https://game.gtimg.cn/images/dfm/cp/a20240729directory/img/lv3/ywwzx.png,data/maps/modes/2_航天基地/3_绝密/images/448_野外物资箱_wzd.png
449,2,小保险箱,,loot_point,wzd,物资点,707751,-417119,-22037.6,0,0,,行动奖励,,,需要完成局内行动才能开启,,,,https://game.gtimg.cn/images/dfm/cp/a20240729directory/img/lv3/xbxx.png,data/maps/modes/2_航天基地/3_绝密/images/449_小保险箱_wzd.png
450,2,小保险箱,,loot_point,wzd,物资点,694967,-492333,-21860.3,0,0,,行动奖励,,,需要完成局内行动才能开启,,,,https://game.gtimg.cn/images/dfm/cp/a20240729directory/img/lv3/xbxx.png,data/maps/modes/2_航天基地/3_绝密/images/450_小保险箱_wzd.png
451,2,小保险箱,,loot_point,wzd,物资点,696183,-425502,-22372.2,0,0,,中心区,,,,,,,https://game.gtimg.cn/images/dfm/cp/a20240729directory/img/lv3/xbxx.png,data/maps/modes/2_航天基地/3_绝密/images/451_小保险箱_wzd.png
452,2,小保险箱,,loot_point,wzd,物资点,706354,-420689,-21856.7,0,0,,中心区,,,,,,,https://game.gtimg.cn/images/dfm/cp/a20240729directory/img/lv3/xbxx.png,data/maps/modes/2_航天基地/3_绝密/images/452_小保险箱_wzd.png
453,2,大武器箱,,loot_point,wzd,物资点,704333,-421455,-19839.8,0,0,,中心区,,,需要使用钥匙卡才能开启,,,,https://game.gtimg.cn/images/dfm/cp/a20240729directory/img/lv3/dwqx.png,data/maps/modes/2_航天基地/3_绝密/images/453_大武器箱_wzd.png
454,2,大武器箱,,loot_point,wzd,物资点,705037,-422551,-21012.3,0,0,,中心区,,,需要使用钥匙卡才能开启,,,,https://game.gtimg.cn/images/dfm/cp/a20240729directory/img/lv3/dwqx.png,data/maps/modes/2_航天基地/3_绝密/images/454_大武器箱_wzd.png
455,2,大武器箱,,loot_point,wzd,物资点,616084,-503652,-21788.4,0,0,,西区,,,,,,,https://game.gtimg.cn/images/dfm/cp/a20240729directory/img/lv3/dwqx.png,data/maps/modes/2_航天基地/3_绝密/images/455_大武器箱_wzd.png
456,2,大武器箱,,loot_point,wzd,物资点,692861,-417506,-21778,0,0,,中心区,,,,,,,https://game.gtimg.cn/images/dfm/cp/a20240729directory/img/lv3/dwqx.png,data/maps/modes/2_航天基地/3_绝密/images/456_大武器箱_wzd.png
457,2,大武器箱,,loot_point,wzd,物资点,710824,-395620,-22344.3,0,0,,水平试车场,,,,,,,https://game.gtimg.cn/images/dfm/cp/a20240729directory/img/lv3/dwqx.png,data/maps/modes/2_航天基地/3_绝密/images/457_大武器箱_wzd.png
458,2,大武器箱,,loot_point,wzd,物资点,710206,-418645,-21908.9,0,0,,中心区,,,,,,,https://game.gtimg.cn/images/dfm/cp/a20240729directory/img/lv3/dwqx.png,data/maps/modes/2_航天基地/3_绝密/images/458_大武器箱_wzd.png
459,2,大武器箱,,loot_point,wzd,物资点,703813,-418729,-19770.8,0,0,,中心区,,,,,,,https://game.gtimg.cn/images/dfm/cp/a20240729directory/img/lv3/dwqx.png,data/maps/modes/2_航天基地/3_绝密/images/459_大武器箱_wzd.png
460,2,大武器箱,,loot_point,wzd,物资点,697478,-493538,-19956.8,0,0,,中心区,,,,,,,https://game.gtimg.cn/images/dfm/cp/a20240729directory/img/lv3/dwqx.png,data/maps/modes/2_航天基地/3_绝密/images/460_大武器箱_wzd.png
461,2,大武器箱,,loot_point,wzd,物资点,705055,-422118,-22040,0,0,,中心区,,,需要使用钥匙卡才能开启,,,,https://game.gtimg.cn/images/dfm/cp/a20240729directory/img/lv3/dwqx.png,data/maps/modes/2_航天基地/3_绝密/images/461_大武器箱_wzd.png
462,2,大武器箱,,loot_point,wzd,物资点,714296,-424818,-22844,0,0,,中心区,,,,,,,https://game.gtimg.cn/images/dfm/cp/a20240729directory/img/lv3/dwqx.png,data/maps/modes/2_航天基地/3_绝密/images/462_大武器箱_wzd.png
463,2,大武器箱,,loot_point,wzd,物资点,662274,-493839,-22140.9,0,0,,东区,,,,,,,https://game.gtimg.cn/images/dfm/cp/a20240729directory/img/lv3/dwqx.png,data/maps/modes/2_航天基地/3_绝密/images/463_大武器箱_wzd.png
464,2,大武器箱,,loot_point,wzd,物资点,662555,-503271,-22712.9,0,0,,东区,,,,,,,https://game.gtimg.cn/images/dfm/cp/a20240729directory/img/lv3/dwqx.png,data/maps/modes/2_航天基地/3_绝密/images/464_大武器箱_wzd.png
465,2,大武器箱,,loot_point,wzd,物资点,660354,-505674,-22713,0,0,,东区,,,,,,,https://game.gtimg.cn/images/dfm/cp/a20240729directory/img/lv3/dwqx.png,data/maps/modes/2_航天基地/3_绝密/images/465_大武器箱_wzd.png
466,2,旅行袋,,loot_point,wzd,物资点,699374,-418455,-19807.7,0,0,,中心区,,,,,,,https://game.gtimg.cn/images/dfm/cp/a20240729directory/img/lv3/lxd.png,data/maps/modes/2_航天基地/3_绝密/images/466_旅行袋_wzd.png
467,2,旅行袋,,loot_point,wzd,物资点,613039,-499125,-22334.1,0,0,,西区,,,,,,,https://game.gtimg.cn/images/dfm/cp/a20240729directory/img/lv3/lxd.png,data/maps/modes/2_航天基地/3_绝密/images/467_旅行袋_wzd.png
468,2,旅行袋,,loot_point,wzd,物资点,615386,-501200,-22056,0,0,,西区,,,,,,,https://game.gtimg.cn/images/dfm/cp/a20240729directory/img/lv3/lxd.png,data/maps/modes/2_航天基地/3_绝密/images/468_旅行袋_wzd.png
469,2,旅行袋,,loot_point,wzd,物资点,690215,-420131,-22844,0,0,,中心区,,,,,,,https://game.gtimg.cn/images/dfm/cp/a20240729directory/img/lv3/lxd.png,data/maps/modes/2_航天基地/3_绝密/images/469_旅行袋_wzd.png
470,2,旅行袋,,loot_point,wzd,物资点,697196,-509406,-21920,0,0,,中控室,,,,,,,https://game.gtimg.cn/images/dfm/cp/a20240729directory/img/lv3/lxd.png,data/maps/modes/2_航天基地/3_绝密/images/470_旅行袋_wzd.png
471,2,旅行袋,,loot_point,wzd,物资点,707443,-422803,-22031.8,0,0,,中心区,,,,,,,https://game.gtimg.cn/images/dfm/cp/a20240729directory/img/lv3/lxd.png,data/maps/modes/2_航天基地/3_绝密/images/471_旅行袋_wzd.png
472,2,旅行袋,,loot_point,wzd,物资点,705542,-425874,-21012.8,0,0,,中心区,,,,,,,https://game.gtimg.cn/images/dfm/cp/a20240729directory/img/lv3/lxd.png,data/maps/modes/2_航天基地/3_绝密/images/472_旅行袋_wzd.png
473,2,旅行袋,,loot_point,wzd,物资点,704873,-511751,-20695.2,0,0,,中控室,,,,,,,https://game.gtimg.cn/images/dfm/cp/a20240729directory/img/lv3/lxd.png,data/maps/modes/2_航天基地/3_绝密/images/473_旅行袋_wzd.png
474,2,旅行袋,,loot_point,wzd,物资点,655410,-497279,-22704,0,0,,东区,,,,,,,https://game.gtimg.cn/images/dfm/cp/a20240729directory/img/lv3/lxd.png,data/maps/modes/2_航天基地/3_绝密/images/474_旅行袋_wzd.png
475,2,旅行袋,,loot_point,wzd,物资点,716089,-422252,-22844,0,0,,中心区,,,,,,,https://game.gtimg.cn/images/dfm/cp/a20240729directory/img/lv3/lxd.png,data/maps/modes/2_航天基地/3_绝密/images/475_旅行袋_wzd.png
476,2,高级储物箱,,loot_point,wzd,物资点,710198,-416539,-21364.8,0,0,,中心区,,,需要使用钥匙卡才能开启,,,,https://game.gtimg.cn/images/dfm/cp/a20240729directory/img/lv3/gjcwx.png,data/maps/modes/2_航天基地/3_绝密/images/476_高级储物箱_wzd.png
477,2,高级储物箱,,loot_point,wzd,物资点,707814,-414237,-22034.8,0,0,,行动奖励,,,需要完成局内行动才能开启,,,,https://game.gtimg.cn/images/dfm/cp/a20240729directory/img/lv3/gjcwx.png,data/maps/modes/2_航天基地/3_绝密/images/477_高级储物箱_wzd.png
478,2,高级储物箱,,loot_point,wzd,物资点,707791,-417107,-22037.6,0,0,,行动奖励,,,需要完成局内行动才能开启,,,,https://game.gtimg.cn/images/dfm/cp/a20240729directory/img/lv3/gjcwx.png,data/maps/modes/2_航天基地/3_绝密/images/478_高级储物箱_wzd.png
479,2,高级储物箱,,loot_point,wzd,物资点,697618,-492086,-22036.8,0,0,,行动奖励,,,需要完成局内行动才能开启,,,,https://game.gtimg.cn/images/dfm/cp/a20240729directory/img/lv3/gjcwx.png,data/maps/modes/2_航天基地/3_绝密/images/479_高级储物箱_wzd.png
480,2,高级储物箱,,loot_point,wzd,物资点,706491,-418404,-21772,0,0,,中心区,,,,,,,https://game.gtimg.cn/images/dfm/cp/a20240729directory/img/lv3/gjcwx.png,data/maps/modes/2_航天基地/3_绝密/images/480_高级储物箱_wzd.png
481,2,高级储物箱,,loot_point,wzd,物资点,698624,-503741,-22353.4,0,0,,中控室,,,,,,,https://game.gtimg.cn/images/dfm/cp/a20240729directory/img/lv3/gjcwx.png,data/maps/modes/2_航天基地/3_绝密/images/481_高级储物箱_wzd.png
482,2,高级储物箱,,loot_point,wzd,物资点,707472,-491962,-22036.4,0,0,,中心区,,,,,,,https://game.gtimg.cn/images/dfm/cp/a20240729directory/img/lv3/gjcwx.png,data/maps/modes/2_航天基地/3_绝密/images/482_高级储物箱_wzd.png
483,2,高级储物箱,,loot_point,wzd,物资点,704630,-507435,-20639.9,0,0,,行动奖励,,,需要完成局内行动才能开启,,,,https://game.gtimg.cn/images/dfm/cp/a20240729directory/img/lv3/gjcwx.png,data/maps/modes/2_航天基地/3_绝密/images/483_高级储物箱_wzd.png
484,2,高级储物箱,,loot_point,wzd,物资点,662586,-497989,-22141.3,0,0,,东区,,,需要使用钥匙卡才能开启,,,,https://game.gtimg.cn/images/dfm/cp/a20240729directory/img/lv3/gjcwx.png,data/maps/modes/2_航天基地/3_绝密/images/484_高级储物箱_wzd.png
485,2,快递箱,,loot_point,wzd,物资点,612065,-503114,-21789,0,0,,西区,,,,,,,https://game.gtimg.cn/images/dfm/cp/a20240729directory/img/lv3/kdx.png,data/maps/modes/2_航天基地/3_绝密/images/485_快递箱_wzd.png
486,2,快递箱,,loot_point,wzd,物资点,697616,-421335,-21980.5,0,0,,中心区,,,,,,,https://game.gtimg.cn/images/dfm/cp/a20240729directory/img/lv3/kdx.png,data/maps/modes/2_航天基地/3_绝密/images/486_快递箱_wzd.png
487,2,快递箱,,loot_point,wzd,物资点,695705,-492635,-21927,0,0,,中心区,,,,,,,https://game.gtimg.cn/images/dfm/cp/a20240729directory/img/lv3/kdx.png,data/maps/modes/2_航天基地/3_绝密/images/487_快递箱_wzd.png
488,2,快递箱,,loot_point,wzd,物资点,705648,-424419,-21952.6,0,0,,中心区,,,,,,,https://game.gtimg.cn/images/dfm/cp/a20240729directory/img/lv3/kdx.png,data/maps/modes/2_航天基地/3_绝密/images/488_快递箱_wzd.png
489,2,快递箱,,loot_point,wzd,物资点,706300,-508203,-20655.5,0,0,,中控室,,,,,,,https://game.gtimg.cn/images/dfm/cp/a20240729directory/img/lv3/kdx.png,data/maps/modes/2_航天基地/3_绝密/images/489_快递箱_wzd.png
490,2,快递箱,,loot_point,wzd,物资点,661970,-497289,-22845.8,0,0,,东区,,,,,,,https://game.gtimg.cn/images/dfm/cp/a20240729directory/img/lv3/kdx.png,data/maps/modes/2_航天基地/3_绝密/images/490_快递箱_wzd.png
491,2,高级旅行箱,,loot_point,wzd,物资点,612078,-501107,-21916,0,0,,西区,,,需要使用钥匙卡才能开启,,,,https://game.gtimg.cn/images/dfm/cp/a20240729directory/img/lv3/xlx.png,data/maps/modes/2_航天基地/3_绝密/images/491_高级旅行箱_wzd.png
492,2,高级旅行箱,,loot_point,wzd,物资点,615451,-500299,-21783.1,0,0,,西区,,,,,,,https://game.gtimg.cn/images/dfm/cp/a20240729directory/img/lv3/xlx.png,data/maps/modes/2_航天基地/3_绝密/images/492_高级旅行箱_wzd.png
493,2,高级旅行箱,,loot_point,wzd,物资点,694688,-423844,-21364.8,0,0,,中心区,,,,,,,https://game.gtimg.cn/images/dfm/cp/a20240729directory/img/lv3/xlx.png,data/maps/modes/2_航天基地/3_绝密/images/493_高级旅行箱_wzd.png
494,2,医疗包,,loot_point,wzd,物资点,622424,-502188,-22383,0,0,,西区,,,,,,,https://game.gtimg.cn/images/dfm/cp/a20240729directory/img/lv3/ylb.png,data/maps/modes/2_航天基地/3_绝密/images/494_医疗包_wzd.png
495,2,医疗包,,loot_point,wzd,物资点,612974,-500453,-22086.3,0,0,,西区,,,,,,,https://game.gtimg.cn/images/dfm/cp/a20240729directory/img/lv3/ylb.png,data/maps/modes/2_航天基地/3_绝密/images/495_医疗包_wzd.png
496,2,医疗包,,loot_point,wzd,物资点,697949,-418330,-21990.5,0,0,,中心区,,,,,,,https://game.gtimg.cn/images/dfm/cp/a20240729directory/img/lv3/ylb.png,data/maps/modes/2_航天基地/3_绝密/images/496_医疗包_wzd.png
497,2,医疗包,,loot_point,wzd,物资点,696393,-425945,-21778.3,0,0,,中心区,,,,,,,https://game.gtimg.cn/images/dfm/cp/a20240729directory/img/lv3/ylb.png,data/maps/modes/2_航天基地/3_绝密/images/497_医疗包_wzd.png
498,2,医疗包,,loot_point,wzd,物资点,696240,-422950,-21364.8,0,0,,中心区,,,需要使用钥匙卡才能开启,,,,https://game.gtimg.cn/images/dfm/cp/a20240729directory/img/lv3/ylb.png,data/maps/modes/2_航天基地/3_绝密/images/498_医疗包_wzd.png
499,2,医疗包,,loot_point,wzd,物资点,695689,-423843,-21364.7,0,0,,中心区,,,需要使用钥匙卡才能开启,,,,https://game.gtimg.cn/images/dfm/cp/a20240729directory/img/lv3/ylb.png,data/maps/modes/2_航天基地/3_绝密/images/499_医疗包_wzd.png
500,2,医疗包,,loot_point,wzd,物资点,698333,-423774,-21364.8,0,0,,中心区,,,,,,,https://game.gtimg.cn/images/dfm/cp/a20240729directory/img/lv3/ylb.png,data/maps/modes/2_航天基地/3_绝密/images/500_医疗包_wzd.png
501,2,医疗包,,loot_point,wzd,物资点,695896,-423381,-21364.8,0,0,,中心区,,,,,,,https://game.gtimg.cn/images/dfm/cp/a20240729directory/img/lv3/ylb.png,data/maps/modes/2_航天基地/3_绝密/images/501_医疗包_wzd.png
502,2,医疗物资堆,,loot_point,wzd,物资点,611294,-492432,-22470.2,0,0,,西区,,,,,,,https://game.gtimg.cn/images/dfm/cp/a20240729directory/img/lv3/ylwzd.png,data/maps/modes/2_航天基地/3_绝密/images/502_医疗物资堆_wzd.png
503,2,医疗物资堆,,loot_point,wzd,物资点,697470,-419439,-22037,0,0,,中心区,,,,,,,https://game.gtimg.cn/images/dfm/cp/a20240729directory/img/lv3/ylwzd.png,data/maps/modes/2_航天基地/3_绝密/images/503_医疗物资堆_wzd.png
504,2,医疗物资堆,,loot_point,wzd,物资点,696287,-420617,-22030.3,0,0,,中心区,,,,,,,https://game.gtimg.cn/images/dfm/cp/a20240729directory/img/lv3/ylwzd.png,data/maps/modes/2_航天基地/3_绝密/images/504_医疗物资堆_wzd.png
505,2,医疗物资堆,,loot_point,wzd,物资点,694329,-424701,-21908.8,0,0,,中心区,,,,,,,https://game.gtimg.cn/images/dfm/cp/a20240729directory/img/lv3/ylwzd.png,data/maps/modes/2_航天基地/3_绝密/images/505_医疗物资堆_wzd.png
506,2,医疗物资堆,,loot_point,wzd,物资点,695297,-425065,-23085,0,0,,中心区,,,,,,,https://game.gtimg.cn/images/dfm/cp/a20240729directory/img/lv3/ylwzd.png,data/maps/modes/2_航天基地/3_绝密/images/506_医疗物资堆_wzd.png
507,2,医疗物资堆,,loot_point,wzd,物资点,696948,-506491,-21903.9,0,0,,中控室,,,,,,,https://game.gtimg.cn/images/dfm/cp/a20240729directory/img/lv3/ylwzd.png,data/maps/modes/2_航天基地/3_绝密/images/507_医疗物资堆_wzd.png
508,2,医疗物资堆,,loot_point,wzd,物资点,714432,-503663,-22353.3,0,0,,中心区,,,,,,,https://game.gtimg.cn/images/dfm/cp/a20240729directory/img/lv3/ylwzd.png,data/maps/modes/2_航天基地/3_绝密/images/508_医疗物资堆_wzd.png
509,2,垃圾箱,,loot_point,wzd,物资点,614079,-499285,-22329.1,0,0,,西区,,,,,,,https://game.gtimg.cn/images/dfm/cp/a20240729directory/img/lv3/ljx.png,data/maps/modes/2_航天基地/3_绝密/images/509_垃圾箱_wzd.png
510,2,垃圾箱,,loot_point,wzd,物资点,696075,-394395,-21512.4,0,0,,发射区,,,,,,,https://game.gtimg.cn/images/dfm/cp/a20240729directory/img/lv3/ljx.png,data/maps/modes/2_航天基地/3_绝密/images/510_垃圾箱_wzd.png
511,2,垃圾箱,,loot_point,wzd,物资点,711638,-395711,-22344.2,0,0,,水平试车场,,,,,,,https://game.gtimg.cn/images/dfm/cp/a20240729directory/img/lv3/ljx.png,data/maps/modes/2_航天基地/3_绝密/images/511_垃圾箱_wzd.png
512,2,垃圾箱,,loot_point,wzd,物资点,703636,-504513,-21925.6,0,0,,中控室,,,,,,,https://game.gtimg.cn/images/dfm/cp/a20240729directory/img/lv3/ljx.png,data/maps/modes/2_航天基地/3_绝密/images/512_垃圾箱_wzd.png
513,2,垃圾箱,,loot_point,wzd,物资点,659078,-510828,-22960.1,0,0,,东区,,,,,,,https://game.gtimg.cn/images/dfm/cp/a20240729directory/img/lv3/ljx.png,data/maps/modes/2_航天基地/3_绝密/images/513_垃圾箱_wzd.png
514,2,服务器,,loot_point,wzd,物资点,708787,-416711,-21364.8,0,0,,中心区,,,需要使用钥匙卡才能开启,,,,https://game.gtimg.cn/images/dfm/cp/a20240729directory/img/lv3/fwq.png,data/maps/modes/2_航天基地/3_绝密/images/514_服务器_wzd.png
515,2,服务器,,loot_point,wzd,物资点,709027,-418966,-21364.8,0,0,,中心区,,,需要使用钥匙卡才能开启,,,,https://game.gtimg.cn/images/dfm/cp/a20240729directory/img/lv3/fwq.png,data/maps/modes/2_航天基地/3_绝密/images/515_服务器_wzd.png
516,2,服务器,,loot_point,wzd,物资点,695819,-418260,-21012.8,0,0,,中心区,,,,,,,https://game.gtimg.cn/images/dfm/cp/a20240729directory/img/lv3/fwq.png,data/maps/modes/2_航天基地/3_绝密/images/516_服务器_wzd.png
517,2,服务器,,loot_point,wzd,物资点,707468,-425025,-21012.3,0,0,,中心区,,,需要使用钥匙卡才能开启,,,,https://game.gtimg.cn/images/dfm/cp/a20240729directory/img/lv3/fwq.png,data/maps/modes/2_航天基地/3_绝密/images/517_服务器_wzd.png
518,2,服务器,,loot_point,wzd,物资点,709907,-422566,-21012.3,0,0,,中心区,,,需要使用钥匙卡才能开启,,,,https://game.gtimg.cn/images/dfm/cp/a20240729directory/img/lv3/fwq.png,data/maps/modes/2_航天基地/3_绝密/images/518_服务器_wzd.png
519,2,服务器,,loot_point,wzd,物资点,705474,-506156,-20639.9,0,0,,行动奖励,,,需要完成局内行动才能开启,,,,https://game.gtimg.cn/images/dfm/cp/a20240729directory/img/lv3/fwq.png,data/maps/modes/2_航天基地/3_绝密/images/519_服务器_wzd.png
520,2,大工具盒,,loot_point,wzd,物资点,710608,-418950,-21364.8,0,0,,中心区,,,需要使用钥匙卡才能开启,,,,https://game.gtimg.cn/images/dfm/cp/a20240729directory/img/lv3/dgjx.png,data/maps/modes/2_航天基地/3_绝密/images/520_大工具盒_wzd.png
521,2,大工具盒,,loot_point,wzd,物资点,710385,-425378,-21012.3,0,0,,中心区,,,需要使用钥匙卡才能开启,,,,https://game.gtimg.cn/images/dfm/cp/a20240729directory/img/lv3/dgjx.png,data/maps/modes/2_航天基地/3_绝密/images/521_大工具盒_wzd.png
522,2,大工具盒,,loot_point,wzd,物资点,705208,-493070,-22036.8,0,0,,中心区,,,,,,,https://game.gtimg.cn/images/dfm/cp/a20240729directory/img/lv3/dgjx.png,data/maps/modes/2_航天基地/3_绝密/images/522_大工具盒_wzd.png
523,2,大工具盒,,loot_point,wzd,物资点,662051,-494006,-22926,0,0,,东区,,,,,,,https://game.gtimg.cn/images/dfm/cp/a20240729directory/img/lv3/dgjx.png,data/maps/modes/2_航天基地/3_绝密/images/523_大工具盒_wzd.png
524,2,大工具盒,,loot_point,wzd,物资点,664805,-497644,-22141.1,0,0,,东区,,,,,,,https://game.gtimg.cn/images/dfm/cp/a20240729directory/img/lv3/dgjx.png,data/maps/modes/2_航天基地/3_绝密/images/524_大工具盒_wzd.png
525,2,大工具盒,,loot_point,wzd,物资点,695311,-449193,-21404,0,0,,发射区,,,,,,,https://game.gtimg.cn/images/dfm/cp/a20240729directory/img/lv3/dgjx.png,data/maps/modes/2_航天基地/3_绝密/images/525_大工具盒_wzd.png
526,2,大工具盒,,loot_point,wzd,物资点,692029,-418514,-22844,0,0,,中心区,,,,,,,https://game.gtimg.cn/images/dfm/cp/a20240729directory/img/lv3/dgjx.png,data/maps/modes/2_航天基地/3_绝密/images/526_大工具盒_wzd.png
527,2,大工具盒,,loot_point,wzd,物资点,707807,-418270,-21908.9,0,0,,中心区,,,,,,,https://game.gtimg.cn/images/dfm/cp/a20240729directory/img/lv3/dgjx.png,data/maps/modes/2_航天基地/3_绝密/images/527_大工具盒_wzd.png
528,2,大工具盒,,loot_point,wzd,物资点,706892,-416479,-21255.2,0,0,,中心区,,,,,,,https://game.gtimg.cn/images/dfm/cp/a20240729directory/img/lv3/dgjx.png,data/maps/modes/2_航天基地/3_绝密/images/528_大工具盒_wzd.png
529,2,大工具盒,,loot_point,wzd,物资点,693048,-422850,-21909.6,0,0,,中心区,,,,,,,https://game.gtimg.cn/images/dfm/cp/a20240729directory/img/lv3/dgjx.png,data/maps/modes/2_航天基地/3_绝密/images/529_大工具盒_wzd.png
530,2,大工具盒,,loot_point,wzd,物资点,693048,-422467,-21909.6,0,0,,中心区,,,,,,,https://game.gtimg.cn/images/dfm/cp/a20240729directory/img/lv3/dgjx.png,data/maps/modes/2_航天基地/3_绝密/images/530_大工具盒_wzd.png
531,2,大工具盒,,loot_point,wzd,物资点,697184,-511207,-20768,0,0,,中控室,,,,,,,https://game.gtimg.cn/images/dfm/cp/a20240729directory/img/lv3/dgjx.png,data/maps/modes/2_航天基地/3_绝密/images/531_大工具盒_wzd.png
532,2,大工具盒,,loot_point,wzd,物资点,706171,-424897,-20908.9,0,0,,中心区,,,,,,,https://game.gtimg.cn/images/dfm/cp/a20240729directory/img/lv3/dgjx.png,data/maps/modes/2_航天基地/3_绝密/images/532_大工具盒_wzd.png
533,2,大工具盒,,loot_point,wzd,物资点,708106,-492859,-22352.3,0,0,,中心区,,,,,,,https://game.gtimg.cn/images/dfm/cp/a20240729directory/img/lv3/dgjx.png,data/maps/modes/2_航天基地/3_绝密/images/533_大工具盒_wzd.png
534,2,大工具盒,,loot_point,wzd,物资点,713965,-509733,-22040,0,0,,东区,,,,,,,https://game.gtimg.cn/images/dfm/cp/a20240729directory/img/lv3/dgjx.png,data/maps/modes/2_航天基地/3_绝密/images/534_大工具盒_wzd.png
535,2,大工具盒,,loot_point,wzd,物资点,705761,-507730,-20639.9,0,0,,行动奖励,,,需要完成局内行动才能开启,,,,https://game.gtimg.cn/images/dfm/cp/a20240729directory/img/lv3/dgjx.png,data/maps/modes/2_航天基地/3_绝密/images/535_大工具盒_wzd.png
536,2,大工具盒,,loot_point,wzd,物资点,657660,-495694,-22926,0,0,,东区,,,,,,,https://game.gtimg.cn/images/dfm/cp/a20240729directory/img/lv3/dgjx.png,data/maps/modes/2_航天基地/3_绝密/images/536_大工具盒_wzd.png
537,2,大工具盒,,loot_point,wzd,物资点,662852,-495079,-22926,0,0,,东区,,,,,,,https://game.gtimg.cn/images/dfm/cp/a20240729directory/img/lv3/dgjx.png,data/maps/modes/2_航天基地/3_绝密/images/537_大工具盒_wzd.png
538,2,野外物资箱,,loot_point,wzd,物资点,695291,-458553,-21523.1,0,0,,发射区,,,,,,,https://game.gtimg.cn/images/dfm/cp/a20240729directory/img/lv3/ywwzx.png,data/maps/modes/2_航天基地/3_绝密/images/538_野外物资箱_wzd.png
539,2,野外物资箱,,loot_point,wzd,物资点,688136,-454614,-20707,0,0,,发射区,,,,,,,https://game.gtimg.cn/images/dfm/cp/a20240729directory/img/lv3/ywwzx.png,data/maps/modes/2_航天基地/3_绝密/images/539_野外物资箱_wzd.png
540,2,野外物资箱,,loot_point,wzd,物资点,696357,-421130,-22036.8,0,0,,中心区,,,,,,,https://game.gtimg.cn/images/dfm/cp/a20240729directory/img/lv3/ywwzx.png,data/maps/modes/2_航天基地/3_绝密/images/540_野外物资箱_wzd.png
541,2,野外物资箱,,loot_point,wzd,物资点,708895,-401405,-22200,0,0,,水平试车场,,,,,,,https://game.gtimg.cn/images/dfm/cp/a20240729directory/img/lv3/ywwzx.png,data/maps/modes/2_航天基地/3_绝密/images/541_野外物资箱_wzd.png
542,2,野外物资箱,,loot_point,wzd,物资点,704795,-422666,-22036.8,0,0,,中心区,,,,,,,https://game.gtimg.cn/images/dfm/cp/a20240729directory/img/lv3/ywwzx.png,data/maps/modes/2_航天基地/3_绝密/images/542_野外物资箱_wzd.png
543,2,野外物资箱,,loot_point,wzd,物资点,660516,-418752,-22141,0,0,,东区,,,,,,,https://game.gtimg.cn/images/dfm/cp/a20240729directory/img/lv3/ywwzx.png,data/maps/modes/2_航天基地/3_绝密/images/543_野外物资箱_wzd.png
544,2,工具柜,,loot_point,wzd,物资点,691506,-418102,-22844,0,0,,中心区,,,,,,,https://game.gtimg.cn/images/dfm/cp/a20240729directory/img/lv3/gjg.png,data/maps/modes/2_航天基地/3_绝密/images/544_工具柜_wzd.png
545,2,工具柜,,loot_point,wzd,物资点,697254,-508205,-20768,0,0,,中控室,,,,,,,https://game.gtimg.cn/images/dfm/cp/a20240729directory/img/lv3/gjg.png,data/maps/modes/2_航天基地/3_绝密/images/545_工具柜_wzd.png
546,2,工具柜,,loot_point,wzd,物资点,657556,-500610,-22717.9,0,0,,东区,,,,,,,https://game.gtimg.cn/images/dfm/cp/a20240729directory/img/lv3/gjg.png,data/maps/modes/2_航天基地/3_绝密/images/546_工具柜_wzd.png
547,2,工具柜,,loot_point,wzd,物资点,661635,-503678,-22718,0,0,,东区,,,,,,,https://game.gtimg.cn/images/dfm/cp/a20240729directory/img/lv3/gjg.png,data/maps/modes/2_航天基地/3_绝密/images/547_工具柜_wzd.png
548,2,弹药箱,,loot_point,wzd,物资点,617651,-498752,-22056,0,0,,西区,,,,,,,https://game.gtimg.cn/images/dfm/cp/a20240729directory/img/lv3/dyx.png,data/maps/modes/2_航天基地/3_绝密/images/548_弹药箱_wzd.png
549,2,弹药箱,,loot_point,wzd,物资点,617604,-424295,-22620,0,0,,西区,,,,,,,https://game.gtimg.cn/images/dfm/cp/a20240729directory/img/lv3/dyx.png,data/maps/modes/2_航天基地/3_绝密/images/549_弹药箱_wzd.png
550,2,弹药箱,,loot_point,wzd,物资点,699761,-420870,-22036.8,0,0,,中心区,,,,,,,https://game.gtimg.cn/images/dfm/cp/a20240729directory/img/lv3/dyx.png,data/maps/modes/2_航天基地/3_绝密/images/550_弹药箱_wzd.png
551,2,弹药箱,,loot_point,wzd,物资点,697073,-492625,-19956.8,0,0,,中心区,,,,,,,https://game.gtimg.cn/images/dfm/cp/a20240729directory/img/lv3/dyx.png,data/maps/modes/2_航天基地/3_绝密/images/551_弹药箱_wzd.png
552,2,弹药箱,,loot_point,wzd,物资点,697361,-423847,-21364.8,0,0,,中心区,,,,,,,https://game.gtimg.cn/images/dfm/cp/a20240729directory/img/lv3/dyx.png,data/maps/modes/2_航天基地/3_绝密/images/552_弹药箱_wzd.png
553,2,弹药箱,,loot_point,wzd,物资点,700161,-509749,-20768,0,0,,中控室,,,,,,,https://game.gtimg.cn/images/dfm/cp/a20240729directory/img/lv3/dyx.png,data/maps/modes/2_航天基地/3_绝密/images/553_弹药箱_wzd.png
554,2,弹药箱,,loot_point,wzd,物资点,702155,-423323,-19957.3,0,0,,中心区,,,,,,,https://game.gtimg.cn/images/dfm/cp/a20240729directory/img/lv3/dyx.png,data/maps/modes/2_航天基地/3_绝密/images/554_弹药箱_wzd.png
555,2,弹药箱,,loot_point,wzd,物资点,703880,-420675,-19954.7,0,0,,中心区,,,,,,,https://game.gtimg.cn/images/dfm/cp/a20240729directory/img/lv3/dyx.png,data/maps/modes/2_航天基地/3_绝密/images/555_弹药箱_wzd.png
556,2,弹药箱,,loot_point,wzd,物资点,706372,-506124,-20640.1,0,0,,行动奖励,,,需要完成局内行动才能开启,,,,https://game.gtimg.cn/images/dfm/cp/a20240729directory/img/lv3/dyx.png,data/maps/modes/2_航天基地/3_绝密/images/556_弹药箱_wzd.png
557,2,弹药箱,,loot_point,wzd,物资点,704791,-506116,-20640.1,0,0,,行动奖励,,,需要完成局内行动才能开启,,,,https://game.gtimg.cn/images/dfm/cp/a20240729directory/img/lv3/dyx.png,data/maps/modes/2_航天基地/3_绝密/images/557_弹药箱_wzd.png
558,2,弹药箱,,loot_point,wzd,物资点,714303,-424062,-22844,0,0,,中心区,,,,,,,https://game.gtimg.cn/images/dfm/cp/a20240729directory/img/lv3/dyx.png,data/maps/modes/2_航天基地/3_绝密/images/558_弹药箱_wzd.png
559,2,弹药箱,,loot_point,wzd,物资点,660083,-497948,-22719.5,0,0,,东区,,,,,,,https://game.gtimg.cn/images/dfm/cp/a20240729directory/img/lv3/dyx.png,data/maps/modes/2_航天基地/3_绝密/images/559_弹药箱_wzd.png
560,2,弹药箱,,loot_point,wzd,物资点,660245,-500485,-22717.9,0,0,,东区,,,,,,,https://game.gtimg.cn/images/dfm/cp/a20240729directory/img/lv3/dyx.png,data/maps/modes/2_航天基地/3_绝密/images/560_弹药箱_wzd.png
561,2,航空储物箱,,loot_point,wzd,物资点,615638,-502059,-22205,0,0,,西区,,,,,,,https://game.gtimg.cn/images/dfm/cp/a20240729directory/img/lv3/hkcwx.png,data/maps/modes/2_航天基地/3_绝密/images/561_航空储物箱_wzd.png
562,2,航空储物箱,,loot_point,wzd,物资点,696003,-416133,-22034.2,0,0,,中心区,,,,,,,https://game.gtimg.cn/images/dfm/cp/a20240729directory/img/lv3/hkcwx.png,data/maps/modes/2_航天基地/3_绝密/images/562_航空储物箱_wzd.png
563,2,航空储物箱,,loot_point,wzd,物资点,706701,-419765,-21905.2,0,0,,中心区,,,,,,,https://game.gtimg.cn/images/dfm/cp/a20240729directory/img/lv3/hkcwx.png,data/maps/modes/2_航天基地/3_绝密/images/563_航空储物箱_wzd.png
564,2,航空储物箱,,loot_point,wzd,物资点,695194,-423696,-23109.1,0,0,,中心区,,,,,,,https://game.gtimg.cn/images/dfm/cp/a20240729directory/img/lv3/hkcwx.png,data/maps/modes/2_航天基地/3_绝密/images/564_航空储物箱_wzd.png
565,2,航空储物箱,,loot_point,wzd,物资点,710236,-424467,-22033.8,0,0,,中心区,,,,,,,https://game.gtimg.cn/images/dfm/cp/a20240729directory/img/lv3/hkcwx.png,data/maps/modes/2_航天基地/3_绝密/images/565_航空储物箱_wzd.png
566,2,航空储物箱,,loot_point,wzd,物资点,707932,-420034,-21980.3,0,0,,中心区,,,,,,,https://game.gtimg.cn/images/dfm/cp/a20240729directory/img/lv3/hkcwx.png,data/maps/modes/2_航天基地/3_绝密/images/566_航空储物箱_wzd.png
567,2,航空储物箱,,loot_point,wzd,物资点,714053,-495979,-22341,0,0,,中心区,,,,,,,https://game.gtimg.cn/images/dfm/cp/a20240729directory/img/lv3/hkcwx.png,data/maps/modes/2_航天基地/3_绝密/images/567_航空储物箱_wzd.png
568,2,航空储物箱,,loot_point,wzd,物资点,705345,-506807,-20631.9,0,0,,行动奖励,,,需要完成局内行动才能开启,,,,https://game.gtimg.cn/images/dfm/cp/a20240729directory/img/lv3/hkcwx.png,data/maps/modes/2_航天基地/3_绝密/images/568_航空储物箱_wzd.png
569,2,抽屉柜,,loot_point,wzd,物资点,705868,-493537,-21012.8,0,0,,中心区,,,,,,,https://game.gtimg.cn/images/dfm/cp/a20240729directory/img/lv3/ctg.png,data/maps/modes/2_航天基地/3_绝密/images/569_抽屉柜_wzd.png
570,2,抽屉柜,,loot_point,wzd,物资点,718073,-397485,-22050.2,0,0,,水平试车场,,,,,,,https://game.gtimg.cn/images/dfm/cp/a20240729directory/img/lv3/ctg.png,data/maps/modes/2_航天基地/3_绝密/images/570_抽屉柜_wzd.png
571,2,抽屉柜,,loot_point,wzd,物资点,699445,-416611,-21009.8,0,0,,中心区,,,,,,,https://game.gtimg.cn/images/dfm/cp/a20240729directory/img/lv3/ctg.png,data/maps/modes/2_航天基地/3_绝密/images/571_抽屉柜_wzd.png
572,2,抽屉柜,,loot_point,wzd,物资点,707945,-419307,-21364.8,0,0,,中心区,,,,,,,https://game.gtimg.cn/images/dfm/cp/a20240729directory/img/lv3/ctg.png,data/maps/modes/2_航天基地/3_绝密/images/572_抽屉柜_wzd.png
573,2,抽屉柜,,loot_point,wzd,物资点,701582,-418881,-19770.8,0,0,,中心区,,,,,,,https://game.gtimg.cn/images/dfm/cp/a20240729directory/img/lv3/ctg.png,data/maps/modes/2_航天基地/3_绝密/images/573_抽屉柜_wzd.png
574,2,抽屉柜,,loot_point,wzd,物资点,693110,-493058,-22036.8,0,0,,中心区,,,,,,,https://game.gtimg.cn/images/dfm/cp/a20240729directory/img/lv3/ctg.png,data/maps/modes/2_航天基地/3_绝密/images/574_抽屉柜_wzd.png
575,2,抽屉柜,,loot_point,wzd,物资点,698004,-506837,-21921,0,0,,中控室,,,,,,,https://game.gtimg.cn/images/dfm/cp/a20240729directory/img/lv3/ctg.png,data/maps/modes/2_航天基地/3_绝密/images/575_抽屉柜_wzd.png
576,2,抽屉柜,,loot_point,wzd,物资点,698274,-511892,-20768,0,0,,中控室,,,,,,,https://game.gtimg.cn/images/dfm/cp/a20240729directory/img/lv3/ctg.png,data/maps/modes/2_航天基地/3_绝密/images/576_抽屉柜_wzd.png
577,2,抽屉柜,,loot_point,wzd,物资点,706238,-507775,-20639.9,0,0,,行动奖励,,,需要完成局内行动才能开启,,,,https://game.gtimg.cn/images/dfm/cp/a20240729directory/img/lv3/ctg.png,data/maps/modes/2_航天基地/3_绝密/images/577_抽屉柜_wzd.png
578,2,抽屉柜,,loot_point,wzd,物资点,706249,-507775,-20639.9,0,0,,行动奖励,,,需要完成局内行动才能开启,,,,https://game.gtimg.cn/images/dfm/cp/a20240729directory/img/lv3/ctg.png,data/maps/modes/2_航天基地/3_绝密/images/578_抽屉柜_wzd.png
579,2,抽屉柜,,loot_point,wzd,物资点,696653,-510634,-20768,0,0,,中控室,,,,,,,https://game.gtimg.cn/images/dfm/cp/a20240729directory/img/lv3/ctg.png,data/maps/modes/2_航天基地/3_绝密/images/579_抽屉柜_wzd.png
580,2,抽屉柜,,loot_point,wzd,物资点,662596,-494192,-22926,0,0,,东区,,,,,,,https://game.gtimg.cn/images/dfm/cp/a20240729directory/img/lv3/ctg.png,data/maps/modes/2_航天基地/3_绝密/images/580_抽屉柜_wzd.png
581,2,抽屉柜,,loot_point,wzd,物资点,662588,-495904,-22141.3,0,0,,东区,,,,,,,https://game.gtimg.cn/images/dfm/cp/a20240729directory/img/lv3/ctg.png,data/maps/modes/2_航天基地/3_绝密/images/581_抽屉柜_wzd.png
582,2,抽屉柜,,loot_point,wzd,物资点,662941,-496293,-22141.3,0,0,,东区,,,需要使用钥匙卡才能开启,,,,https://game.gtimg.cn/images/dfm/cp/a20240729directory/img/lv3/ctg.png,data/maps/modes/2_航天基地/3_绝密/images/582_抽屉柜_wzd.png
583,2,工具柜,,loot_point,wzd,物资点,697393,-418710,-21012.8,0,0,,中心区,,,,,,,https://game.gtimg.cn/images/dfm/cp/a20240729directory/img/lv3/gjg.png,data/maps/modes/2_航天基地/3_绝密/images/583_工具柜_wzd.png
584,2,工具柜,,loot_point,wzd,物资点,661522,-493956,-22926,0,0,,东区,,,,,,,https://game.gtimg.cn/images/dfm/cp/a20240729directory/img/lv3/gjg.png,data/maps/modes/2_航天基地/3_绝密/images/584_工具柜_wzd.png
585,2,工具柜,,loot_point,wzd,物资点,703842,-510756,-20352,0,0,,中控室,,,需要使用钥匙卡才能开启,,,,https://game.gtimg.cn/images/dfm/cp/a20240729directory/img/lv3/gjg.png,data/maps/modes/2_航天基地/3_绝密/images/585_工具柜_wzd.png
586,2,电脑包,,loot_point,wzd,物资点,611404,-503388,-22098,0,0,,西区,,,,,,,https://game.gtimg.cn/images/dfm/cp/a20240729directory/img/lv3/dsb.png,data/maps/modes/2_航天基地/3_绝密/images/586_电脑包_wzd.png
587,2,电脑包,,loot_point,wzd,物资点,708227,-416635,-21848.6,0,0,,中心区,,,,,,,https://game.gtimg.cn/images/dfm/cp/a20240729directory/img/lv3/dsb.png,data/maps/modes/2_航天基地/3_绝密/images/587_电脑包_wzd.png
588,2,电脑包,,loot_point,wzd,物资点,693039,-492861,-21861.4,0,0,,中心区,,,,,,,https://game.gtimg.cn/images/dfm/cp/a20240729directory/img/lv3/dsb.png,data/maps/modes/2_航天基地/3_绝密/images/588_电脑包_wzd.png
589,2,电脑包,,loot_point,wzd,物资点,703599,-423504,-19895.9,0,0,,中心区,,,,,,,https://game.gtimg.cn/images/dfm/cp/a20240729directory/img/lv3/dsb.png,data/maps/modes/2_航天基地/3_绝密/images/589_电脑包_wzd.png
590,2,电脑包,,loot_point,wzd,物资点,696470,-415947,-20899,0,0,,中心区,,,,,,,https://game.gtimg.cn/images/dfm/cp/a20240729directory/img/lv3/dsb.png,data/maps/modes/2_航天基地/3_绝密/images/590_电脑包_wzd.png
591,2,电脑包,,loot_point,wzd,物资点,705833,-507786,-20469,0,0,,行动奖励,,,需要完成局内行动才能开启,,,,https://game.gtimg.cn/images/dfm/cp/a20240729directory/img/lv3/dsb.png,data/maps/modes/2_航天基地/3_绝密/images/591_电脑包_wzd.png
593,2,电脑,,loot_point,wzd,物资点,612202,-501622,-21816.6,0,0,,西区,,,,,,,https://game.gtimg.cn/images/dfm/cp/a20240729directory/img/lv3/dn.png,data/maps/modes/2_航天基地/3_绝密/images/593_电脑_wzd.png
594,2,电脑,,loot_point,wzd,物资点,702200,-419609,-19711.4,0,0,,中心区,,,,,,,https://game.gtimg.cn/images/dfm/cp/a20240729directory/img/lv3/dn.png,data/maps/modes/2_航天基地/3_绝密/images/594_电脑_wzd.png
595,2,电脑,,loot_point,wzd,物资点,662780,-497647,-22066.3,0,0,,东区,,,,,,,https://game.gtimg.cn/images/dfm/cp/a20240729directory/img/lv3/dn.png,data/maps/modes/2_航天基地/3_绝密/images/595_电脑_wzd.png
596,2,储物柜,,loot_point,wzd,物资点,696655,-414458,-21004.8,0,0,,中心区,,,,,,,https://game.gtimg.cn/images/dfm/cp/a20240729directory/img/lv3/cwg.png,data/maps/modes/2_航天基地/3_绝密/images/596_储物柜_wzd.png
597,2,储物柜,,loot_point,wzd,物资点,696655,-417056,-21004.8,0,0,,中心区,,,,,,,https://game.gtimg.cn/images/dfm/cp/a20240729directory/img/lv3/cwg.png,data/maps/modes/2_航天基地/3_绝密/images/597_储物柜_wzd.png
598,2,储物柜,,loot_point,wzd,物资点,696655,-417207,-21004.8,0,0,,中心区,,,,,,,https://game.gtimg.cn/images/dfm/cp/a20240729directory/img/lv3/cwg.png,data/maps/modes/2_航天基地/3_绝密/images/598_储物柜_wzd.png
599,2,储物柜,,loot_point,wzd,物资点,696655,-417230,-21004.8,0,0,,中心区,,,,,,,https://game.gtimg.cn/images/dfm/cp/a20240729directory/img/lv3/cwg.png,data/maps/modes/2_航天基地/3_绝密/images/599_储物柜_wzd.png
600,2,储物柜,,loot_point,wzd,物资点,705258,-491824,-22037,0,0,,中心区,,,,,,,https://game.gtimg.cn/images/dfm/cp/a20240729directory/img/lv3/cwg.png,data/maps/modes/2_航天基地/3_绝密/images/600_储物柜_wzd.png
601,2,储物柜,,loot_point,wzd,物资点,705258,-491848,-22037,0,0,,中心区,,,,,,,https://game.gtimg.cn/images/dfm/cp/a20240729directory/img/lv3/cwg.png,data/maps/modes/2_航天基地/3_绝密/images/601_储物柜_wzd.png
602,2,储物柜,,loot_point,wzd,物资点,695289,-420925,-22036.8,0,0,,中心区,,,,,,,https://game.gtimg.cn/images/dfm/cp/a20240729directory/img/lv3/cwg.png,data/maps/modes/2_航天基地/3_绝密/images/602_储物柜_wzd.png
603,2,储物柜,,loot_point,wzd,物资点,694800,-420925,-22036.8,0,0,,中心区,,,,,,,https://game.gtimg.cn/images/dfm/cp/a20240729directory/img/lv3/cwg.png,data/maps/modes/2_航天基地/3_绝密/images/603_储物柜_wzd.png
604,2,武器箱,,loot_point,wzd,物资点,696172,-421124,-22036.8,0,0,,中心区,,,,,,,https://game.gtimg.cn/images/dfm/cp/a20240729directory/img/lv3/wqx.png,data/maps/modes/2_航天基地/3_绝密/images/604_武器箱_wzd.png
605,2,武器箱,,loot_point,wzd,物资点,692736,-417388,-21013,0,0,,中心区,,,,,,,https://game.gtimg.cn/images/dfm/cp/a20240729directory/img/lv3/wqx.png,data/maps/modes/2_航天基地/3_绝密/images/605_武器箱_wzd.png
606,2,武器箱,,loot_point,wzd,物资点,707010,-421989,-22037,0,0,,中心区,,,,,,,https://game.gtimg.cn/images/dfm/cp/a20240729directory/img/lv3/wqx.png,data/maps/modes/2_航天基地/3_绝密/images/606_武器箱_wzd.png
607,2,武器箱,,loot_point,wzd,物资点,704665,-422120,-22037,0,0,,中心区,,,需要使用钥匙卡才能开启,,,,https://game.gtimg.cn/images/dfm/cp/a20240729directory/img/lv3/wqx.png,data/maps/modes/2_航天基地/3_绝密/images/607_武器箱_wzd.png
608,2,电脑,,loot_point,wzd,物资点,688673,-452189,-21421.09766,0,0,,发射区,,飞升者行动,,,,,https://game.gtimg.cn/images/dfm/cp/a20240729directory/img/lv3/dn.png,data/maps/modes/2_航天基地/3_绝密/images/608_电脑_wzd.png
609,2,出生点,,spawn,revive,出生点,609993,-420777,,0,0,,西大，没卡猛攻宿舍楼，有卡可以去浮力或离心,,,,,,,https://game.gtimg.cn/images/dfm/cp/a20240729directory/img/lv3/csd.png,data/maps/modes/2_航天基地/3_绝密/images/609_出生点_revive.png
610,2,出生点,,spawn,revive,出生点,609899,-503972,,0,0,,宿舍楼一号位，基本必刷，小心西大或中控猛攻,,,,,,,https://game.gtimg.cn/images/dfm/cp/a20240729directory/img/lv3/csd.png,data/maps/modes/2_航天基地/3_绝密/images/610_出生点_revive.png
611,2,出生点,,spawn,revive,出生点,386427,-542745,,0,0,,3,,,,,,,https://game.gtimg.cn/images/dfm/cp/a20240729directory/img/lv3/csd.png,data/maps/modes/2_航天基地/3_绝密/images/611_出生点_revive.png
612,2,出生点,,spawn,revive,出生点,696841,-513047,,0,0,,中控楼一号位,,,,,,,https://game.gtimg.cn/images/dfm/cp/a20240729directory/img/lv3/csd.png,data/maps/modes/2_航天基地/3_绝密/images/612_出生点_revive.png
613,2,出生点,,spawn,revive,出生点,665272,-496325,,0,0,,牢二,,,,,,,https://game.gtimg.cn/images/dfm/cp/a20240729directory/img/lv3/csd.png,data/maps/modes/2_航天基地/3_绝密/images/613_出生点_revive.png
614,2,出生点,,spawn,revive,出生点,711215,-500962,,0,0,,二通，过桥需小心,,,,,,,https://game.gtimg.cn/images/dfm/cp/a20240729directory/img/lv3/csd.png,data/maps/modes/2_航天基地/3_绝密/images/614_出生点_revive.png
615,2,出生点,,spawn,revive,出生点,655664,-512507,,0,0,,牢大,,,,,,,https://game.gtimg.cn/images/dfm/cp/a20240729directory/img/lv3/csd.png,data/maps/modes/2_航天基地/3_绝密/images/615_出生点_revive.png
616,2,出生点,,spawn,revive,出生点,658219,-413509,,0,0,,牢三,,,,,,,https://game.gtimg.cn/images/dfm/cp/a20240729directory/img/lv3/csd.png,data/maps/modes/2_航天基地/3_绝密/images/616_出生点_revive.png
617,2,出生点,,spawn,revive,出生点,691547,-450972,,0,0,,善意踩桥一号位,,,,,,,https://game.gtimg.cn/images/dfm/cp/a20240729directory/img/lv3/csd.png,data/maps/modes/2_航天基地/3_绝密/images/617_出生点_revive.png
618,2,拉闸撤离点,,extraction,retreat,撤离点,705644,-409399,,0,0,,直升机撤离点,,,,,,,https://game.gtimg.cn/images/dfm/cp/a20240729directory/img/lv3/dtcld.png,data/maps/modes/2_航天基地/3_绝密/images/618_拉闸撤离点_retreat.png
619,2,丢包撤离点,,extraction,retreat,撤离点,719031,-393396,,0,0,,试车场撤离点,,,,,,,https://game.gtimg.cn/images/dfm/cp/a20240729directory/img/lv3/tjcld.png,data/maps/modes/2_航天基地/3_绝密/images/619_丢包撤离点_retreat.png
620,2,行动撤离点,,extraction,retreat,撤离点,694133,-450335,,0,0,,火箭撤离点,,,,,,,https://game.gtimg.cn/images/dfm/cp/a20240729directory/img/lv3/hjcld.png,data/maps/modes/2_航天基地/3_绝密/images/620_行动撤离点_retreat.png
621,2,衣服,,loot_point,wzd,物资点,611923,-501786,-21674.1,0,0,,西区,,,,,,,https://game.gtimg.cn/images/dfm/cp/a20240729directory/img/lv3/yf.png,data/maps/modes/2_航天基地/3_绝密/images/621_衣服_wzd.png
622,2,实验服,,loot_point,wzd,物资点,699174,-421418,-19712,0,0,,中心区,,,,,,,https://game.gtimg.cn/images/dfm/cp/a20240729directory/img/lv3/yf_s.png,data/maps/modes/2_航天基地/3_绝密/images/622_实验服_wzd.png
623,2,登山包,,loot_point,wzd,物资点,611425,-500977,-21916,0,0,,西区,,,需要使用钥匙卡才能开启,,,,https://game.gtimg.cn/images/dfm/cp/a20240729directory/img/lv3/dsb.png,data/maps/modes/2_航天基地/3_绝密/images/623_登山包_wzd.png
624,2,登山包,,loot_point,wzd,物资点,699743,-416415,-22036.8,0,0,,中心区,,,,,,,https://game.gtimg.cn/images/dfm/cp/a20240729directory/img/lv3/dsb.png,data/maps/modes/2_航天基地/3_绝密/images/624_登山包_wzd.png
625,2,登山包,,loot_point,wzd,物资点,703657,-421566,-19840.7,0,0,,中心区,,,需要使用钥匙卡才能开启,,,,https://game.gtimg.cn/images/dfm/cp/a20240729directory/img/lv3/dsb.png,data/maps/modes/2_航天基地/3_绝密/images/625_登山包_wzd.png
626,2,藏匿物,,loot_point,wzd,物资点,715084,-405209,-22340.9,0,0,,水平试车场,,,,,,,https://game.gtimg.cn/images/dfm/cp/a20240729directory/img/lv3/cnw.png,data/maps/modes/2_航天基地/3_绝密/images/626_藏匿物_wzd.png
627,2,藏匿物,,loot_point,wzd,物资点,655982,-500784,-22950.1,0,0,,东区,,,,,,,https://game.gtimg.cn/images/dfm/cp/a20240729directory/img/lv3/cnw.png,data/maps/modes/2_航天基地/3_绝密/images/627_藏匿物_wzd.png
628,2,电脑机箱,,loot_point,wzd,物资点,697694,-416972,-21780.8,0,0,,中心区,,,,,,,https://game.gtimg.cn/images/dfm/cp/a20240729directory/img/lv3/dnjx.png,data/maps/modes/2_航天基地/3_绝密/images/628_电脑机箱_wzd.png
629,2,电脑机箱,,loot_point,wzd,物资点,707269,-416209,-22037,0,0,,中心区,,,,,,,https://game.gtimg.cn/images/dfm/cp/a20240729directory/img/lv3/dnjx.png,data/maps/modes/2_航天基地/3_绝密/images/629_电脑机箱_wzd.png
630,2,电脑机箱,,loot_point,wzd,物资点,710263,-419099,-21364.8,0,0,,中心区,,,需要使用钥匙卡才能开启,,,,https://game.gtimg.cn/images/dfm/cp/a20240729directory/img/lv3/dnjx.png,data/maps/modes/2_航天基地/3_绝密/images/630_电脑机箱_wzd.png
631,2,电脑机箱,,loot_point,wzd,物资点,707061,-491854,-20927,0,0,,中心区,,,,,,,https://game.gtimg.cn/images/dfm/cp/a20240729directory/img/lv3/dnjx.png,data/maps/modes/2_航天基地/3_绝密/images/631_电脑机箱_wzd.png
632,2,电脑机箱,,loot_point,wzd,物资点,661860,-496522,-22925.8,0,0,,东区,,,,,,,https://game.gtimg.cn/images/dfm/cp/a20240729directory/img/lv3/dnjx.png,data/maps/modes/2_航天基地/3_绝密/images/632_电脑机箱_wzd.png
633,2,电脑机箱,,loot_point,wzd,物资点,662674,-496096,-22141,0,0,,东区,,,需要使用钥匙卡才能开启,,,,https://game.gtimg.cn/images/dfm/cp/a20240729directory/img/lv3/dnjx.png,data/maps/modes/2_航天基地/3_绝密/images/633_电脑机箱_wzd.png
634,2,鸟窝,,loot_point,wzd,物资点,710483,-402837,-22203,0,0,,水平试车场,,,,,,,https://game.gtimg.cn/images/dfm/cp/a20240729directory/img/lv3/nw.png,data/maps/modes/2_航天基地/3_绝密/images/634_鸟窝_wzd.png
635,2,手提箱,,loot_point,wzd,物资点,696597,-493279,-19871.3,0,0,,中心区,,,,,,,https://game.gtimg.cn/images/dfm/cp/a20240729directory/img/lv3/stx.png,data/maps/modes/2_航天基地/3_绝密/images/635_手提箱_wzd.png
636,2,手提箱,,loot_point,wzd,物资点,701431,-511141,-20740,0,0,,中控室,,,,,,,https://game.gtimg.cn/images/dfm/cp/a20240729directory/img/lv3/stx.png,data/maps/modes/2_航天基地/3_绝密/images/636_手提箱_wzd.png
637,2,小保险箱,,loot_point,wzd,物资点,703946,-420879,-19827.4,0,0,,中心区,,,需要使用钥匙卡才能开启,,,,https://game.gtimg.cn/images/dfm/cp/a20240729directory/img/lv3/xbxx.png,data/maps/modes/2_航天基地/3_绝密/images/637_小保险箱_wzd.png
638,2,小保险箱,,loot_point,wzd,物资点,708332,-425851,-20501,0,0,,中心区,,,需要使用钥匙卡才能开启,,,,https://game.gtimg.cn/images/dfm/cp/a20240729directory/img/lv3/xbxx.png,data/maps/modes/2_航天基地/3_绝密/images/638_小保险箱_wzd.png
639,2,大武器箱,,loot_point,wzd,物资点,613983,-498972,-22053.3,0,0,,西区,,,,,,,https://game.gtimg.cn/images/dfm/cp/a20240729directory/img/lv3/dwqx.png,data/maps/modes/2_航天基地/3_绝密/images/639_大武器箱_wzd.png
640,2,大武器箱,,loot_point,wzd,物资点,697156,-509530,-21920,0,0,,中控室,,,,,,,https://game.gtimg.cn/images/dfm/cp/a20240729directory/img/lv3/dwqx.png,data/maps/modes/2_航天基地/3_绝密/images/640_大武器箱_wzd.png
641,2,高级储物箱,,loot_point,wzd,物资点,701174,-418891,-19770.8,0,0,,中心区,,,,,,,https://game.gtimg.cn/images/dfm/cp/a20240729directory/img/lv3/gjcwx.png,data/maps/modes/2_航天基地/3_绝密/images/641_高级储物箱_wzd.png
642,2,高级储物箱,,loot_point,wzd,物资点,701238,-510372,-20349,0,0,,中控室,,,需要使用钥匙卡才能开启,,,,https://game.gtimg.cn/images/dfm/cp/a20240729directory/img/lv3/gjcwx.png,data/maps/modes/2_航天基地/3_绝密/images/642_高级储物箱_wzd.png
643,2,高级旅行箱,,loot_point,wzd,物资点,611808,-500376,-21789,0,0,,西区,,,,,,,https://game.gtimg.cn/images/dfm/cp/a20240729directory/img/lv3/xlx.png,data/maps/modes/2_航天基地/3_绝密/images/643_高级旅行箱_wzd.png
644,2,高级旅行箱,,loot_point,wzd,物资点,612248,-499982,-22332,0,0,,西区,,,,,,,https://game.gtimg.cn/images/dfm/cp/a20240729directory/img/lv3/xlx.png,data/maps/modes/2_航天基地/3_绝密/images/644_高级旅行箱_wzd.png
645,2,高级旅行箱,,loot_point,wzd,物资点,612432,-499914,-22204.4,0,0,,西区,,,,,,,https://game.gtimg.cn/images/dfm/cp/a20240729directory/img/lv3/xlx.png,data/maps/modes/2_航天基地/3_绝密/images/645_高级旅行箱_wzd.png
646,2,高级旅行箱,,loot_point,wzd,物资点,707432,-416637,-21908.8,0,0,,中心区,,,,,,,https://game.gtimg.cn/images/dfm/cp/a20240729directory/img/lv3/xlx.png,data/maps/modes/2_航天基地/3_绝密/images/646_高级旅行箱_wzd.png
647,2,高级旅行箱,,loot_point,wzd,物资点,708789,-416769,-22036.8,0,0,,中心区,,,,,,,https://game.gtimg.cn/images/dfm/cp/a20240729directory/img/lv3/xlx.png,data/maps/modes/2_航天基地/3_绝密/images/647_高级旅行箱_wzd.png
648,2,高级旅行箱,,loot_point,wzd,物资点,696130,-423774,-21365,0,0,,中心区,,,需要使用钥匙卡才能开启,,,,https://game.gtimg.cn/images/dfm/cp/a20240729directory/img/lv3/xlx.png,data/maps/modes/2_航天基地/3_绝密/images/648_高级旅行箱_wzd.png
649,2,高级旅行箱,,loot_point,wzd,物资点,700543,-511290,-22095.2,0,0,,中控室,,,,,,,https://game.gtimg.cn/images/dfm/cp/a20240729directory/img/lv3/xlx.png,data/maps/modes/2_航天基地/3_绝密/images/649_高级旅行箱_wzd.png
650,2,医疗包,,loot_point,wzd,物资点,611248,-491878,-22477,0,0,,西区,,,,,,,https://game.gtimg.cn/images/dfm/cp/a20240729directory/img/lv3/ylb.png,data/maps/modes/2_航天基地/3_绝密/images/650_医疗包_wzd.png
651,2,医疗包,,loot_point,wzd,物资点,701868,-420005,-19967.3,0,0,,中心区,,,,,,,https://game.gtimg.cn/images/dfm/cp/a20240729directory/img/lv3/ylb.png,data/maps/modes/2_航天基地/3_绝密/images/651_医疗包_wzd.png
652,2,医疗包,,loot_point,wzd,物资点,704548,-491671,-20956.1,0,0,,中心区,,,,,,,https://game.gtimg.cn/images/dfm/cp/a20240729directory/img/lv3/ylb.png,data/maps/modes/2_航天基地/3_绝密/images/652_医疗包_wzd.png
653,2,医疗包,,loot_point,wzd,物资点,703964,-506597,-21845.7,0,0,,中控室,,,,,,,https://game.gtimg.cn/images/dfm/cp/a20240729directory/img/lv3/ylb.png,data/maps/modes/2_航天基地/3_绝密/images/653_医疗包_wzd.png
654,2,医疗包,,loot_point,wzd,物资点,701828,-510574,-20768,0,0,,中控室,,,,,,,https://game.gtimg.cn/images/dfm/cp/a20240729directory/img/lv3/ylb.png,data/maps/modes/2_航天基地/3_绝密/images/654_医疗包_wzd.png
655,2,医疗物资堆,,loot_point,wzd,物资点,688985,-501366,-22348.3,0,0,,西区,,,,,,,https://game.gtimg.cn/images/dfm/cp/a20240729directory/img/lv3/ylwzd.png,data/maps/modes/2_航天基地/3_绝密/images/655_医疗物资堆_wzd.png
656,2,服务器,,loot_point,wzd,物资点,709772,-416611,-21364.8,0,0,,中心区,,,需要使用钥匙卡才能开启,,,,https://game.gtimg.cn/images/dfm/cp/a20240729directory/img/lv3/fwq.png,data/maps/modes/2_航天基地/3_绝密/images/656_服务器_wzd.png
657,2,服务器,,loot_point,wzd,物资点,708084,-425025,-21012.3,0,0,,中心区,,,需要使用钥匙卡才能开启,,,,https://game.gtimg.cn/images/dfm/cp/a20240729directory/img/lv3/fwq.png,data/maps/modes/2_航天基地/3_绝密/images/657_服务器_wzd.png
658,2,大工具盒,,loot_point,wzd,物资点,616224,-500362,-21788.4,0,0,,西区,,,,,,,https://game.gtimg.cn/images/dfm/cp/a20240729directory/img/lv3/dgjx.png,data/maps/modes/2_航天基地/3_绝密/images/658_大工具盒_wzd.png
659,2,大工具盒,,loot_point,wzd,物资点,691498,-419447,-22748.6,0,0,,中心区,,,,,,,https://game.gtimg.cn/images/dfm/cp/a20240729directory/img/lv3/dgjx.png,data/maps/modes/2_航天基地/3_绝密/images/659_大工具盒_wzd.png
660,2,大工具盒,,loot_point,wzd,物资点,709637,-419078,-21364.8,0,0,,中心区,,,需要使用钥匙卡才能开启,,,,https://game.gtimg.cn/images/dfm/cp/a20240729directory/img/lv3/dgjx.png,data/maps/modes/2_航天基地/3_绝密/images/660_大工具盒_wzd.png
661,2,大工具盒,,loot_point,wzd,物资点,716067,-425521,-22844,0,0,,中心区,,,,,,,https://game.gtimg.cn/images/dfm/cp/a20240729directory/img/lv3/dgjx.png,data/maps/modes/2_航天基地/3_绝密/images/661_大工具盒_wzd.png
662,2,大工具盒,,loot_point,wzd,物资点,657969,-509074,-22841,0,0,,东区,,,,,,,https://game.gtimg.cn/images/dfm/cp/a20240729directory/img/lv3/dgjx.png,data/maps/modes/2_航天基地/3_绝密/images/662_大工具盒_wzd.png
663,2,大工具盒,,loot_point,wzd,物资点,663470,-496126,-22926,0,0,,东区,,,,,,,https://game.gtimg.cn/images/dfm/cp/a20240729directory/img/lv3/dgjx.png,data/maps/modes/2_航天基地/3_绝密/images/663_大工具盒_wzd.png
664,2,大工具盒,,loot_point,wzd,物资点,662190,-505711,-22265.5,0,0,,东区,,,,,,,https://game.gtimg.cn/images/dfm/cp/a20240729directory/img/lv3/dgjx.png,data/maps/modes/2_航天基地/3_绝密/images/664_大工具盒_wzd.png
665,2,弹药箱,,loot_point,wzd,物资点,697644,-423213,-21908.8,0,0,,中心区,,,,,,,https://game.gtimg.cn/images/dfm/cp/a20240729directory/img/lv3/dyx.png,data/maps/modes/2_航天基地/3_绝密/images/665_弹药箱_wzd.png
666,2,弹药箱,,loot_point,wzd,物资点,661081,-418020,-22141.2,0,0,,东区,,,,,,,https://game.gtimg.cn/images/dfm/cp/a20240729directory/img/lv3/dyx.png,data/maps/modes/2_航天基地/3_绝密/images/666_弹药箱_wzd.png
667,2,航空储物箱,,loot_point,wzd,物资点,694539,-421082,-22025.3,0,0,,中心区,,,,,,,https://game.gtimg.cn/images/dfm/cp/a20240729directory/img/lv3/hkcwx.png,data/maps/modes/2_航天基地/3_绝密/images/667_航空储物箱_wzd.png
668,2,航空储物箱,,loot_point,wzd,物资点,707513,-422226,-22030.3,0,0,,中心区,,,,,,,https://game.gtimg.cn/images/dfm/cp/a20240729directory/img/lv3/hkcwx.png,data/maps/modes/2_航天基地/3_绝密/images/668_航空储物箱_wzd.png
669,2,航空储物箱,,loot_point,wzd,物资点,704811,-420713,-21856.8,0,0,,中心区,,,,,,,https://game.gtimg.cn/images/dfm/cp/a20240729directory/img/lv3/hkcwx.png,data/maps/modes/2_航天基地/3_绝密/images/669_航空储物箱_wzd.png
670,2,抽屉柜,,loot_point,wzd,物资点,699860,-417414,-21012.8,0,0,,中心区,,,,,,,https://game.gtimg.cn/images/dfm/cp/a20240729directory/img/lv3/ctg.png,data/maps/modes/2_航天基地/3_绝密/images/670_抽屉柜_wzd.png
671,2,抽屉柜,,loot_point,wzd,物资点,701494,-511633,-21920,0,0,,中控室,,,,,,,https://game.gtimg.cn/images/dfm/cp/a20240729directory/img/lv3/ctg.png,data/maps/modes/2_航天基地/3_绝密/images/671_抽屉柜_wzd.png
672,2,抽屉柜,,loot_point,wzd,物资点,661952,-496237,-22141.3,0,0,,东区,,,需要使用钥匙卡才能开启,,,,https://game.gtimg.cn/images/dfm/cp/a20240729directory/img/lv3/ctg.png,data/maps/modes/2_航天基地/3_绝密/images/672_抽屉柜_wzd.png
673,2,抽屉柜,,loot_point,wzd,物资点,662032,-502847,-22141.8,0,0,,东区,,,,,,,https://game.gtimg.cn/images/dfm/cp/a20240729directory/img/lv3/ctg.png,data/maps/modes/2_航天基地/3_绝密/images/673_抽屉柜_wzd.png
674,2,工具柜,,loot_point,wzd,物资点,695181,-416117,-22034.2,0,0,,中心区,,,,,,,https://game.gtimg.cn/images/dfm/cp/a20240729directory/img/lv3/gjg.png,data/maps/modes/2_航天基地/3_绝密/images/674_工具柜_wzd.png
675,2,工具柜,,loot_point,wzd,物资点,707820,-492552,-22485.4,0,0,,中心区,,,,,,,https://game.gtimg.cn/images/dfm/cp/a20240729directory/img/lv3/gjg.png,data/maps/modes/2_航天基地/3_绝密/images/675_工具柜_wzd.png
