item_id,name,level,keycard_type,price,durability,use_map,use_place,place_code,place_name,room_name,containers,container_json,consume_normal,consume_secret,consume_top_secret,single_cost_normal,single_cost_secret,single_cost_top_secret,image_url,local_image_path,room_place_pics,container_image_paths,price_curve_points,data_version
15050500002,生物样本室,6,,5151396,40,潮汐监狱,潮汐监狱-医疗实验区,cxjy,潮汐监狱,生物样本室,保险箱 x1; 航空储物箱 x1; 服务器 x2; 一件衣服 x1,"{""strongBox"":1,""aviationStorageBox"":1,""server"":2,""clothing"":1}",0,0,4,,,515140,https://playerhub.df.qq.com/playerhub/60004/object/15050500002.png,data/keycards/images/keycards/15050500002_生物样本室.png,http://kkrb&kkrb725/example.webp|http://kkrb&kkrb725/example2.webp,data/keycards/images/containers/strongBox_保险箱.webp|data/keycards/images/containers/aviationStorageBox_航空储物箱.webp|data/keycards/images/containers/server_服务器.webp|data/keycards/images/containers/clothing_一件衣服.webp,265,202605231600
15050500004,典狱长收藏室,6,,5723234,40,潮汐监狱,潮汐监狱-典狱长办公室,cxjy,潮汐监狱,典狱长收藏室,保险箱 x2; 小保险箱 x1; 散落物品随机刷新点 x3,"{""strongBox"":2,""smallStrongBox"":1,""scatteredPoint"":3}",0,0,4,,,572323,https://playerhub.df.qq.com/playerhub/60004/object/15050500004.png,data/keycards/images/keycards/15050500004_典狱长收藏室.png,http://kkrb&kkrb725/example.webp|http://kkrb&kkrb725/example2.webp,data/keycards/images/containers/strongBox_保险箱.webp|data/keycards/images/containers/smallStrongBox_小保险箱.webp|data/keycards/images/containers/scatteredPoint_散落物品随机刷新点.webp,265,202605231600
15050500013,三级监狱权限卡,6,,5468571,80,潮汐监狱,潮汐监狱-牢房区,cxjy,潮汐监狱,三级监狱权限卡,一卡多开 x1,"{""openDoorMuilt"":1}",0,0,4,,,273429,https://playerhub.df.qq.com/playerhub/60004/object/15050500013.png,data/keycards/images/keycards/15050500013_三级监狱权限卡.png,http://kkrb&kkrb725/example.webp|http://kkrb&kkrb725/example2.webp,data/keycards/images/containers/openDoorMuilt_一卡多开.webp,265,202605231600
15050500001,监狱审讯室,5,,2321601,40,潮汐监狱,潮汐监狱-狱警工作区,cxjy,潮汐监狱,监狱审讯室,服务器 x1; 保险箱 x1; 电脑机箱 x2,"{""server"":1,""strongBox"":1,""computerCase"":2}",0,0,4,,,232160,https://playerhub.df.qq.com/playerhub/60004/object/15050500001.png,data/keycards/images/keycards/15050500001_监狱审讯室.png,http://kkrb&kkrb725/example.webp|http://kkrb&kkrb725/example2.webp,data/keycards/images/containers/server_服务器.webp|data/keycards/images/containers/strongBox_保险箱.webp|data/keycards/images/containers/computerCase_电脑机箱.webp,265,202605231600
15050500005,人偶影印室,5,,1981714,40,潮汐监狱,潮汐监狱-典狱长办公室,cxjy,潮汐监狱,人偶影印室,工具柜 x1; 保险箱 x1; 散落物品随机刷新点 x3,"{""toolCabinet"":1,""strongBox"":1,""scatteredPoint"":3}",0,0,4,,,198171,https://playerhub.df.qq.com/playerhub/60004/object/15050500005.png,data/keycards/images/keycards/15050500005_人偶影印室.png,http://kkrb&kkrb725/example.webp|http://kkrb&kkrb725/example2.webp,data/keycards/images/containers/toolCabinet_工具柜.webp|data/keycards/images/containers/strongBox_保险箱.webp|data/keycards/images/containers/scatteredPoint_散落物品随机刷新点.webp,265,202605231600
15050500010,水位控制室,5,,2184734,40,潮汐监狱,潮汐监狱-潮汐控制室,cxjy,潮汐监狱,水位控制室,收纳盒 x1; 保险箱 x1; 散落物品随机刷新点 x2,"{""storageBox"":1,""strongBox"":1,""scatteredPoint"":2}",0,0,4,,,218473,https://playerhub.df.qq.com/playerhub/60004/object/15050500010.png,data/keycards/images/keycards/15050500010_水位控制室.png,http://kkrb&kkrb725/example.webp|http://kkrb&kkrb725/example2.webp,data/keycards/images/containers/storageBox_收纳盒.webp|data/keycards/images/containers/strongBox_保险箱.webp|data/keycards/images/containers/scatteredPoint_散落物品随机刷新点.webp,265,202605231600
15050500012,二级监狱权限卡,5,,2646465,100,潮汐监狱,潮汐监狱-牢房区,cxjy,潮汐监狱,二级监狱权限卡,一卡多开 x1,"{""openDoorMuilt"":1}",0,0,4,,,105859,https://playerhub.df.qq.com/playerhub/60004/object/15050500012.png,data/keycards/images/keycards/15050500012_二级监狱权限卡.png,http://kkrb&kkrb725/example.webp|http://kkrb&kkrb725/example2.webp,data/keycards/images/containers/openDoorMuilt_一卡多开.webp,265,202605231600
15050500003,监狱体检室,4,,724277,40,潮汐监狱,潮汐监狱-医疗实验区,cxjy,潮汐监狱,监狱体检室,小保险箱 x1; 高级储物箱 x1; 散落物品随机刷新点 x4,"{""smallStrongBox"":1,""advancedStorageBin"":1,""scatteredPoint"":4}",0,0,4,,,72428,https://playerhub.df.qq.com/playerhub/60004/object/15050500003.png,data/keycards/images/keycards/15050500003_监狱体检室.png,http://kkrb&kkrb725/example.webp|http://kkrb&kkrb725/example2.webp,data/keycards/images/containers/smallStrongBox_小保险箱.webp|data/keycards/images/containers/advancedStorageBin_高级储物箱.webp|data/keycards/images/containers/scatteredPoint_散落物品随机刷新点.webp,265,202605231600
15050500006,顶层办公间,4,,806076,40,潮汐监狱,潮汐监狱-休息区,cxjy,潮汐监狱,顶层办公间,工具柜 x1; 电脑机箱 x1,"{""toolCabinet"":1,""computerCase"":1}",0,0,4,,,80608,https://playerhub.df.qq.com/playerhub/60004/object/15050500006.png,data/keycards/images/keycards/15050500006_顶层办公间.png,http://kkrb&kkrb725/example.webp|http://kkrb&kkrb725/example2.webp,data/keycards/images/containers/toolCabinet_工具柜.webp|data/keycards/images/containers/computerCase_电脑机箱.webp,265,202605231600
15050500007,仓库区监控房,4,,752600,40,潮汐监狱,潮汐监狱-卸货区,cxjy,潮汐监狱,仓库区监控房,小保险箱 x1; 手提箱 x1; 电脑机箱 x1,"{""smallStrongBox"":1,""suitcase"":1,""computerCase"":1}",0,0,4,,,75260,https://playerhub.df.qq.com/playerhub/60004/object/15050500007.png,data/keycards/images/keycards/15050500007_仓库区监控房.png,http://kkrb&kkrb725/example.webp|http://kkrb&kkrb725/example2.webp,data/keycards/images/containers/smallStrongBox_小保险箱.webp|data/keycards/images/containers/suitcase_手提箱.webp|data/keycards/images/containers/computerCase_电脑机箱.webp,265,202605231600
15050500008,监狱服务器房,4,,860456,40,潮汐监狱,潮汐监狱-水动力渠,cxjy,潮汐监狱,监狱服务器房,服务器 x2; 收纳盒 x1; 散落物品随机刷新点 x2,"{""server"":2,""storageBox"":1,""scatteredPoint"":2}",0,0,4,,,86046,https://playerhub.df.qq.com/playerhub/60004/object/15050500008.png,data/keycards/images/keycards/15050500008_监狱服务器房.png,http://kkrb&kkrb725/example.webp|http://kkrb&kkrb725/example2.webp,data/keycards/images/containers/server_服务器.webp|data/keycards/images/containers/storageBox_收纳盒.webp|data/keycards/images/containers/scatteredPoint_散落物品随机刷新点.webp,265,202605231600
15050500009,食堂洗碗间,4,,1330695,40,潮汐监狱,潮汐监狱-囚犯活动区-食堂,cxjy,潮汐监狱,食堂洗碗间,保险箱 x1; 高级储物箱 x1; 散落物品随机刷新点 x1,"{""strongBox"":1,""advancedStorageBin"":1,""scatteredPoint"":1}",0,0,4,,,133070,https://playerhub.df.qq.com/playerhub/60004/object/15050500009.png,data/keycards/images/keycards/15050500009_食堂洗碗间.png,http://kkrb&kkrb725/example.webp|http://kkrb&kkrb725/example2.webp,data/keycards/images/containers/strongBox_保险箱.webp|data/keycards/images/containers/advancedStorageBin_高级储物箱.webp|data/keycards/images/containers/scatteredPoint_散落物品随机刷新点.webp,265,202605231600
15050500011,一级监狱权限卡,4,,886584,100,潮汐监狱,潮汐监狱-牢房区,cxjy,潮汐监狱,一级监狱权限卡,一卡多开 x1,"{""openDoorMuilt"":1}",0,0,4,,,35463,https://playerhub.df.qq.com/playerhub/60004/object/15050500011.png,data/keycards/images/keycards/15050500011_一级监狱权限卡.png,http://kkrb&kkrb725/example.webp|http://kkrb&kkrb725/example2.webp,data/keycards/images/containers/openDoorMuilt_一卡多开.webp,265,202605231600
15050200001,总裁室会客厅,6,1,4873780,40,航天基地,航天基地-总裁室,htjd,航天基地,总裁室会客厅,保险箱 x2; 小保险箱 x1; 大武器箱 x1; 一件衣服 x2; 登山包 x1; 散落物品随机刷新点 x5,"{""strongBox"":2,""smallStrongBox"":1,""largeWeaponBox"":1,""clothing"":2,""mountaineeringBag"":1,""scatteredPoint"":5}",0,2,4,,243689,487378,https://playerhub.df.qq.com/playerhub/60004/object/key/航天基地金卡.png,data/keycards/images/keycards/15050200001_总裁室会客厅.png,http://kkrb&kkrb725/example.webp|http://kkrb&kkrb725/example2.webp,data/keycards/images/containers/strongBox_保险箱.webp|data/keycards/images/containers/smallStrongBox_小保险箱.webp|data/keycards/images/containers/largeWeaponBox_大武器箱.webp|data/keycards/images/containers/clothing_一件衣服.webp|data/keycards/images/containers/mountaineeringBag_登山包.webp|data/keycards/images/containers/scatteredPoint_散落物品随机刷新点.webp,265,202605231600
15050200004,黑室服务器室,6,,2300430,40,航天基地,航天基地-黑室,htjd,航天基地,黑室服务器室,服务器 x3; 电脑机箱 x3; 一件衣服 x1; 收纳盒 x2; 高级储物箱 x1; 散落物品随机刷新点 x4,"{""server"":3,""computerCase"":3,""clothing"":1,""storageBox"":2,""advancedStorageBin"":1,""scatteredPoint"":4}",0,2,4,,115022,230043,https://playerhub.df.qq.com/playerhub/60004/object/key/航天基地白卡.png,data/keycards/images/keycards/15050200004_黑室服务器室.png,http://kkrb&kkrb725/example.webp|http://kkrb&kkrb725/example2.webp,data/keycards/images/containers/server_服务器.webp|data/keycards/images/containers/computerCase_电脑机箱.webp|data/keycards/images/containers/clothing_一件衣服.webp|data/keycards/images/containers/storageBox_收纳盒.webp|data/keycards/images/containers/advancedStorageBin_高级储物箱.webp|data/keycards/images/containers/scatteredPoint_散落物品随机刷新点.webp,265,202605231600
15050200005,蓝室核心,6,,3775454,40,航天基地,航天基地-蓝室,htjd,航天基地,蓝室核心 (可透玻璃),保险箱 x1; 小保险箱 x1; 一件衣服 x1; 散落物品随机刷新点 x8,"{""strongBox"":1,""smallStrongBox"":1,""clothing"":1,""scatteredPoint"":8}",0,2,4,,188773,377545,https://playerhub.df.qq.com/playerhub/60004/object/key/航天基地白卡.png,data/keycards/images/keycards/15050200005_蓝室核心.png,http://kkrb&kkrb725/example.webp|http://kkrb&kkrb725/example2.webp,data/keycards/images/containers/strongBox_保险箱.webp|data/keycards/images/containers/smallStrongBox_小保险箱.webp|data/keycards/images/containers/clothing_一件衣服.webp|data/keycards/images/containers/scatteredPoint_散落物品随机刷新点.webp,265,202605231600
15050200003,蓝室数据中心,5,,815841,40,航天基地,航天基地-蓝室,htjd,航天基地,蓝室数据中心,大武器箱 x1; 服务器 x3; 收纳盒 x1; 散落物品随机刷新点 x8,"{""largeWeaponBox"":1,""server"":3,""storageBox"":1,""scatteredPoint"":8}",0,2,4,,40792,81584,https://playerhub.df.qq.com/playerhub/60004/object/key/航天基地白卡.png,data/keycards/images/keycards/15050200003_蓝室数据中心.png,http://kkrb&kkrb725/example.webp|http://kkrb&kkrb725/example2.webp,data/keycards/images/containers/largeWeaponBox_大武器箱.webp|data/keycards/images/containers/server_服务器.webp|data/keycards/images/containers/storageBox_收纳盒.webp|data/keycards/images/containers/scatteredPoint_散落物品随机刷新点.webp,265,202605231600
15050200011,蓝室玻璃房,4,,1043745,40,航天基地,航天基地-蓝室,htjd,航天基地,蓝室玻璃房 (可透玻璃),大武器箱 x1; 武器箱 x1; 散落物品随机刷新点 x5,"{""largeWeaponBox"":1,""weaponBox"":1,""scatteredPoint"":5}",0,2,4,,52187,104374,https://playerhub.df.qq.com/playerhub/60004/object/key/航天基地白卡.png,data/keycards/images/keycards/15050200011_蓝室玻璃房.png,http://kkrb&kkrb725/example.webp|http://kkrb&kkrb725/example2.webp,data/keycards/images/containers/largeWeaponBox_大武器箱.webp|data/keycards/images/containers/weaponBox_武器箱.webp|data/keycards/images/containers/scatteredPoint_散落物品随机刷新点.webp,265,202605231600
15050200006,浮力室医务间,4,,321384,40,航天基地,航天基地-浮力室,htjd,航天基地,浮力室医务间,军用医疗包 x2; 高级旅行箱 x1; 散落物品随机刷新点 x5,"{""militaryMedicalKit"":2,""advancedSuitcase"":1,""scatteredPoint"":5}",0,2,4,,16069,32138,https://playerhub.df.qq.com/playerhub/60004/object/key/航天基地白卡.png,data/keycards/images/keycards/15050200006_浮力室医务间.png,http://kkrb&kkrb725/example.webp|http://kkrb&kkrb725/example2.webp,data/keycards/images/containers/militaryMedicalKit_军用医疗包.webp|data/keycards/images/containers/advancedSuitcase_高级旅行箱.webp|data/keycards/images/containers/scatteredPoint_散落物品随机刷新点.webp,265,202605231600
15050200010,组装车间二楼实验室,4,,738032,40,航天基地,航天基地-组装室,htjd,航天基地,组装车间二楼实验室,抽屉柜 x1; 电脑机箱 x2; 高级储物箱 x1; 一件衣服 x1; 快递箱 x1; 散落物品随机刷新点 x1,"{""drawerCabinet"":1,""computerCase"":2,""advancedStorageBin"":1,""clothing"":1,""expressBox"":1,""scatteredPoint"":1}",0,2,4,,36902,73803,https://playerhub.df.qq.com/playerhub/60004/object/key/航天基地白卡.png,data/keycards/images/keycards/15050200010_组装车间二楼实验室.png,http://kkrb&kkrb725/example.webp|http://kkrb&kkrb725/example2.webp,data/keycards/images/containers/drawerCabinet_抽屉柜.webp|data/keycards/images/containers/computerCase_电脑机箱.webp|data/keycards/images/containers/advancedStorageBin_高级储物箱.webp|data/keycards/images/containers/clothing_一件衣服.webp|data/keycards/images/containers/expressBox_快递箱.webp|data/keycards/images/containers/scatteredPoint_散落物品随机刷新点.webp,265,202605231600
15050200012,3号宿舍里屋,4,,654378,40,航天基地,航天基地-宿舍区,htjd,航天基地,3号宿舍里屋 (可透玻璃),一件衣服 x2; 高级旅行箱 x1; 登山包 x1; 散落物品随机刷新点 x3,"{""clothing"":2,""advancedSuitcase"":1,""mountaineeringBag"":1,""scatteredPoint"":3}",0,2,4,,32719,65438,https://playerhub.df.qq.com/playerhub/60004/object/key/航天基地白卡.png,data/keycards/images/keycards/15050200012_3号宿舍里屋.png,http://kkrb&kkrb725/example.webp|http://kkrb&kkrb725/example2.webp,data/keycards/images/containers/clothing_一件衣服.webp|data/keycards/images/containers/advancedSuitcase_高级旅行箱.webp|data/keycards/images/containers/mountaineeringBag_登山包.webp|data/keycards/images/containers/scatteredPoint_散落物品随机刷新点.webp,265,202605231600
15050200008,中控室三楼,4,,494550,40,航天基地,航天基地-中控区,htjd,航天基地,中控室三楼,一件衣服 x1; 工具柜 x1; 高级储物箱 x1; 散落物品随机刷新点 x3,"{""clothing"":1,""toolCabinet"":1,""advancedStorageBin"":1,""scatteredPoint"":3}",0,2,4,,24728,49455,https://playerhub.df.qq.com/playerhub/60004/object/key/航天基地白卡.png,data/keycards/images/keycards/15050200008_中控室三楼.png,http://kkrb&kkrb725/example.webp|http://kkrb&kkrb725/example2.webp,data/keycards/images/containers/clothing_一件衣服.webp|data/keycards/images/containers/toolCabinet_工具柜.webp|data/keycards/images/containers/advancedStorageBin_高级储物箱.webp|data/keycards/images/containers/scatteredPoint_散落物品随机刷新点.webp,265,202605231600
15050200002,东区吊桥,5,,1484000,40,航天基地,航天基地-东区吊桥,htjd,航天基地,东区吊桥,仅放桥 x1,"{""openBridge"":1}",0,2,4,,74200,148400,https://playerhub.df.qq.com/playerhub/60004/object/key/航天基地白卡.png,data/keycards/images/keycards/15050200002_东区吊桥.png,http://kkrb&kkrb725/example.webp|http://kkrb&kkrb725/example2.webp,data/keycards/images/containers/openBridge_仅放桥.webp,265,202605231600
15050200007,西区大门,4,,1120000,40,航天基地,航天基地-西区大门,htjd,航天基地,西区大门,仅开门 x1,"{""openDoor"":1}",0,2,4,,56000,112000,https://playerhub.df.qq.com/playerhub/60004/object/key/航天基地白卡.png,data/keycards/images/keycards/15050200007_西区大门.png,http://kkrb&kkrb725/example.webp|http://kkrb&kkrb725/example2.webp,data/keycards/images/containers/openDoor_仅开门.webp,265,202605231600
15050200009,员工通道,4,,1073000,40,航天基地,航天基地-员工通道,htjd,航天基地,员工通道,仅开门 x2,"{""openDoor"":2}",0,2,4,,53650,107300,https://playerhub.df.qq.com/playerhub/60004/object/key/航天基地白卡.png,data/keycards/images/keycards/15050200009_员工通道.png,http://kkrb&kkrb725/example.webp|http://kkrb&kkrb725/example2.webp,data/keycards/images/containers/openDoor_仅开门.webp,265,202605231600
15050400003,博物馆废弃展厅,5,,597075,20,巴克什,巴克什-博物馆,bks,巴克什,博物馆废弃展厅,保险箱 x1; 收纳盒 x1; 医疗物资堆 x1,"{""strongBox"":1,""storageBox"":1,""medicalSuppliesPile"":1}",0,2,4,,59708,119415,https://playerhub.df.qq.com/playerhub/60004/object/key/巴克什白卡.png,data/keycards/images/keycards/15050400003_博物馆废弃展厅.png,./image/map/keycard_room/room/15050400003_p1.webp|./image/map/keycard_room/room/15050400003_p2.webp,data/keycards/images/containers/strongBox_保险箱.webp|data/keycards/images/containers/storageBox_收纳盒.webp|data/keycards/images/containers/medicalSuppliesPile_医疗物资堆.webp,265,202605231600
15050400009,东城民宅卧室,4,,313403,20,巴克什,巴克什-东城,bks,巴克什,东城民宅卧室,小保险箱 x1; 一件衣服 x1; 高级旅行箱 x1,"{""smallStrongBox"":1,""clothing"":1,""advancedSuitcase"":1}",0,2,4,,31340,62681,https://playerhub.df.qq.com/playerhub/60004/object/key/巴克什白卡.png,data/keycards/images/keycards/15050400009_东城民宅卧室.png,./image/map/keycard_room/room/15050400009_p1.webp|./image/map/keycard_room/room/15050400009_p2.webp,data/keycards/images/containers/smallStrongBox_小保险箱.webp|data/keycards/images/containers/clothing_一件衣服.webp|data/keycards/images/containers/advancedSuitcase_高级旅行箱.webp,265,202605231600
15050400008,西城民宅卧室,4,,207901,20,巴克什,巴克什-西城,bks,巴克什,西城民宅卧室,登山包 x1; 一件衣服 x1; 高级旅行箱 x1,"{""mountaineeringBag"":1,""clothing"":1,""advancedSuitcase"":1}",0,2,4,,20790,41580,https://playerhub.df.qq.com/playerhub/60004/object/key/巴克什白卡.png,data/keycards/images/keycards/15050400008_西城民宅卧室.png,./image/map/keycard_room/room/15050400008_p1.webp|./image/map/keycard_room/room/15050400008_p2.webp,data/keycards/images/containers/mountaineeringBag_登山包.webp|data/keycards/images/containers/clothing_一件衣服.webp|data/keycards/images/containers/advancedSuitcase_高级旅行箱.webp,265,202605231600
15050400001,地下金库储藏间,6,1,2239645,40,巴克什,巴克什-地下金库,bks,巴克什,地下金库储藏间 (1),保险箱 x1; 高级储物箱 x1; 一件衣服 x1; 展示柜 x1,"{""strongBox"":1,""advancedStorageBin"":1,""clothing"":1,""displayCabinet"":1}",0,2,4,,111982,223964,https://playerhub.df.qq.com/playerhub/60004/object/key/巴克什金卡.png,data/keycards/images/keycards/15050400001_地下金库储藏间.png,./image/map/keycard_room/room/15050400001_1_p1.webp|./image/map/keycard_room/room/15050400001_1_p2.webp,data/keycards/images/containers/strongBox_保险箱.webp|data/keycards/images/containers/advancedStorageBin_高级储物箱.webp|data/keycards/images/containers/clothing_一件衣服.webp|data/keycards/images/containers/displayCabinet_展示柜.webp,265,202605231600
15050400001,地下金库储藏间,6,1,2239645,40,巴克什,巴克什-地下金库,bks,巴克什,地下金库储藏间 (2),小保险箱 x2; 高级储物箱 x1; 储物柜 x1,"{""smallStrongBox"":2,""advancedStorageBin"":1,""storageCabinet"":1}",0,2,4,,111982,223964,https://playerhub.df.qq.com/playerhub/60004/object/key/巴克什金卡.png,data/keycards/images/keycards/15050400001_地下金库储藏间.png,./image/map/keycard_room/room/15050400001_2_p1.webp|./image/map/keycard_room/room/15050400001_2_p2.webp,data/keycards/images/containers/smallStrongBox_小保险箱.webp|data/keycards/images/containers/advancedStorageBin_高级储物箱.webp|data/keycards/images/containers/storageCabinet_储物柜.webp,265,202605231600
15050400001,地下金库储藏间,6,1,2239645,40,巴克什,巴克什-地下金库,bks,巴克什,地下金库储藏间 (3),保险箱 x1; 高级储物箱 x1; 储物柜 x1; 展示柜 x1,"{""strongBox"":1,""advancedStorageBin"":1,""storageCabinet"":1,""displayCabinet"":1}",0,2,4,,111982,223964,https://playerhub.df.qq.com/playerhub/60004/object/key/巴克什金卡.png,data/keycards/images/keycards/15050400001_地下金库储藏间.png,./image/map/keycard_room/room/15050400001_2_p1.webp|./image/map/keycard_room/room/15050400001_3_p2.webp,data/keycards/images/containers/strongBox_保险箱.webp|data/keycards/images/containers/advancedStorageBin_高级储物箱.webp|data/keycards/images/containers/storageCabinet_储物柜.webp|data/keycards/images/containers/displayCabinet_展示柜.webp,265,202605231600
15050400004,博物馆监控室,5,,193664,20,巴克什,巴克什-博物馆,bks,巴克什,博物馆监控室,抽屉柜 x1; 一件衣服 x1; 高级储物箱 x1; 散落物品随机刷新点 x2,"{""drawerCabinet"":1,""clothing"":1,""advancedStorageBin"":1,""scatteredPoint"":2}",0,2,4,,19366,38733,https://playerhub.df.qq.com/playerhub/60004/object/key/巴克什白卡.png,data/keycards/images/keycards/15050400004_博物馆监控室.png,./image/map/keycard_room/room/15050400004_p1.webp|./image/map/keycard_room/room/15050400004_p2.webp,data/keycards/images/containers/drawerCabinet_抽屉柜.webp|data/keycards/images/containers/clothing_一件衣服.webp|data/keycards/images/containers/advancedStorageBin_高级储物箱.webp|data/keycards/images/containers/scatteredPoint_散落物品随机刷新点.webp,265,202605231600
15050400002,博物馆展厅套间,6,,830298,20,巴克什,巴克什-博物馆,bks,巴克什,博物馆展厅套间,保险箱 x1; 储物柜 x2; 工具柜 x1; 一件衣服 x2,"{""strongBox"":1,""storageCabinet"":2,""toolCabinet"":1,""clothing"":2}",0,2,4,,83030,166060,https://playerhub.df.qq.com/playerhub/60004/object/key/巴克什白卡.png,data/keycards/images/keycards/15050400002_博物馆展厅套间.png,./image/map/keycard_room/room/15050400002_p1.webp|./image/map/keycard_room/room/15050400002_p2.webp,data/keycards/images/containers/strongBox_保险箱.webp|data/keycards/images/containers/storageCabinet_储物柜.webp|data/keycards/images/containers/toolCabinet_工具柜.webp|data/keycards/images/containers/clothing_一件衣服.webp,265,202605231600
15050400006,旅店用餐间,6,,1482159,20,巴克什,巴克什-旅店,bks,巴克什,旅店用餐间,保险箱 x1; 小保险箱 x1; 一件衣服 x2; 散落物品随机刷新点 x2,"{""strongBox"":1,""smallStrongBox"":1,""clothing"":2,""scatteredPoint"":2}",0,2,4,,148216,296432,https://playerhub.df.qq.com/playerhub/60004/object/key/巴克什白卡.png,data/keycards/images/keycards/15050400006_旅店用餐间.png,./image/map/keycard_room/room/15050400006_p1.webp|./image/map/keycard_room/room/15050400006_p2.webp,data/keycards/images/containers/strongBox_保险箱.webp|data/keycards/images/containers/smallStrongBox_小保险箱.webp|data/keycards/images/containers/clothing_一件衣服.webp|data/keycards/images/containers/scatteredPoint_散落物品随机刷新点.webp,265,202605231600
15050400007,旅店员工休息室,4,,317154,20,巴克什,巴克什-旅店,bks,巴克什,旅店员工休息室,小保险箱 x1; 高级旅行箱 x1; 散落物品随机刷新点 x1,"{""smallStrongBox"":1,""advancedSuitcase"":1,""scatteredPoint"":1}",0,2,4,,31715,63431,https://playerhub.df.qq.com/playerhub/60004/object/key/巴克什白卡.png,data/keycards/images/keycards/15050400007_旅店员工休息室.png,./image/map/keycard_room/room/15050400007_p1.webp|./image/map/keycard_room/room/15050400007_p2.webp,data/keycards/images/containers/smallStrongBox_小保险箱.webp|data/keycards/images/containers/advancedSuitcase_高级旅行箱.webp|data/keycards/images/containers/scatteredPoint_散落物品随机刷新点.webp,265,202605231600
15050400005,老浴场贵宾室,6,,1416199,20,巴克什,巴克什-老浴场,bks,巴克什,老浴场贵宾室,一件衣服 x1; 高级储物箱 x1; 保险箱 x1; 散落物品随机刷新点 x1,"{""clothing"":1,""advancedStorageBin"":1,""strongBox"":1,""scatteredPoint"":1}",0,2,4,,141620,283240,https://playerhub.df.qq.com/playerhub/60004/object/key/巴克什白卡.png,data/keycards/images/keycards/15050400005_老浴场贵宾室.png,./image/map/keycard_room/room/15050400005_p1.webp|./image/map/keycard_room/room/15050400005_p2.webp,data/keycards/images/containers/clothing_一件衣服.webp|data/keycards/images/containers/advancedStorageBin_高级储物箱.webp|data/keycards/images/containers/strongBox_保险箱.webp|data/keycards/images/containers/scatteredPoint_散落物品随机刷新点.webp,265,202605231600
15050400010,老浴场餐厅,4,,413178,20,巴克什,巴克什-老浴场,bks,巴克什,老浴场餐厅 (可透玻璃),小保险箱 x1; 登山包 x1; 军用医疗包 x1; 散落物品随机刷新点 x1,"{""smallStrongBox"":1,""mountaineeringBag"":1,""militaryMedicalKit"":1,""scatteredPoint"":1}",0,2,4,,41318,82636,https://playerhub.df.qq.com/playerhub/60004/object/key/巴克什白卡.png,data/keycards/images/keycards/15050400010_老浴场餐厅.png,./image/map/keycard_room/room/15050400010_p1.webp|./image/map/keycard_room/room/15050400010_p2.webp,data/keycards/images/containers/smallStrongBox_小保险箱.webp|data/keycards/images/containers/mountaineeringBag_登山包.webp|data/keycards/images/containers/militaryMedicalKit_军用医疗包.webp|data/keycards/images/containers/scatteredPoint_散落物品随机刷新点.webp,265,202605231600
15050400011,1号审讯室,5,,478178,20,巴克什,巴克什-巴别塔,bks,巴克什,1号审讯室 (可透玻璃),保险箱 x1; 工具柜 x1; 一件衣服 x1; 散落物品随机刷新点 x2,"{""strongBox"":1,""toolCabinet"":1,""clothing"":1,""scatteredPoint"":2}",0,2,4,,47818,95636,https://playerhub.df.qq.com/playerhub/60004/object/key/巴克什白卡.png,data/keycards/images/keycards/15050400011_1号审讯室.png,http://kkrb&kkrb725/example.webp|http://kkrb&kkrb725/example2.webp,data/keycards/images/containers/strongBox_保险箱.webp|data/keycards/images/containers/toolCabinet_工具柜.webp|data/keycards/images/containers/clothing_一件衣服.webp|data/keycards/images/containers/scatteredPoint_散落物品随机刷新点.webp,265,202605231600
15050400012,海洋监测厅,4,,524447,20,巴克什,巴克什-巴别塔,bks,巴克什,海洋监测厅 (可透玻璃),小保险箱 x1; 抽屉柜 x1; 快递箱 x1; 高级储物箱 x1; 散落物品随机刷新点 x4,"{""smallStrongBox"":1,""drawerCabinet"":1,""expressBox"":1,""advancedStorageBin"":1,""scatteredPoint"":4}",0,2,4,,52445,104889,https://playerhub.df.qq.com/playerhub/60004/object/key/巴克什白卡.png,data/keycards/images/keycards/15050400012_海洋监测厅.png,http://kkrb&kkrb725/example.webp|http://kkrb&kkrb725/example2.webp,data/keycards/images/containers/smallStrongBox_小保险箱.webp|data/keycards/images/containers/drawerCabinet_抽屉柜.webp|data/keycards/images/containers/expressBox_快递箱.webp|data/keycards/images/containers/advancedStorageBin_高级储物箱.webp|data/keycards/images/containers/scatteredPoint_散落物品随机刷新点.webp,265,202605231600
15050400013,总裁会议室,6,,1242140,40,巴克什,巴克什-巴别塔,bks,巴克什,总裁会议室 (1) (可透玻璃),保险箱 x1; 武器箱 x1; 散落物品随机刷新点 x4,"{""strongBox"":1,""weaponBox"":1,""scatteredPoint"":4}",0,2,4,,62107,124214,https://playerhub.df.qq.com/playerhub/60004/object/key/巴克什金卡.png,data/keycards/images/keycards/15050400013_总裁会议室.png,http://kkrb&kkrb725/example.webp|http://kkrb&kkrb725/example2.webp,data/keycards/images/containers/strongBox_保险箱.webp|data/keycards/images/containers/weaponBox_武器箱.webp|data/keycards/images/containers/scatteredPoint_散落物品随机刷新点.webp,265,202605231600
15050400013,总裁会议室,6,,1242140,40,巴克什,巴克什-巴别塔,bks,巴克什,总裁会议室 (2) (可透玻璃),保险箱 x1; 手提箱 x1; 散落物品随机刷新点 x4,"{""strongBox"":1,""suitcase"":1,""scatteredPoint"":4}",0,2,4,,62107,124214,https://playerhub.df.qq.com/playerhub/60004/object/key/巴克什金卡.png,data/keycards/images/keycards/15050400013_总裁会议室.png,http://kkrb&kkrb725/example.webp|http://kkrb&kkrb725/example2.webp,data/keycards/images/containers/strongBox_保险箱.webp|data/keycards/images/containers/suitcase_手提箱.webp|data/keycards/images/containers/scatteredPoint_散落物品随机刷新点.webp,265,202605231600
15050400014,巴别塔供电权限卡,5,,528000,20,巴克什,巴克什-巴别塔,bks,巴克什,巴别塔供电权限卡,仅开门 x3,"{""openDoor"":3}",0,2,4,,52800,105600,https://playerhub.df.qq.com/playerhub/60004/object/key/巴克什白卡.png,data/keycards/images/keycards/15050400014_巴别塔供电权限卡.png,http://kkrb&kkrb725/example.webp|http://kkrb&kkrb725/example2.webp,data/keycards/images/containers/openDoor_仅开门.webp,265,202605231600
15050400015,生物数据机房,5,,383520,20,巴克什,巴克什-巴别塔,bks,巴克什,生物数据机房,服务器 x2; 收纳盒 x1; 电脑机箱 x1; 抽屉柜 x1; 武器箱 x1; 散落物品随机刷新点 x4,"{""server"":2,""storageBox"":1,""computerCase"":1,""drawerCabinet"":1,""weaponBox"":1,""scatteredPoint"":4}",0,2,4,,38352,76704,https://playerhub.df.qq.com/playerhub/60004/object/key/巴克什白卡.png,data/keycards/images/keycards/15050400015_生物数据机房.png,http://kkrb&kkrb725/example.webp|http://kkrb&kkrb725/example2.webp,data/keycards/images/containers/server_服务器.webp|data/keycards/images/containers/storageBox_收纳盒.webp|data/keycards/images/containers/computerCase_电脑机箱.webp|data/keycards/images/containers/drawerCabinet_抽屉柜.webp|data/keycards/images/containers/weaponBox_武器箱.webp|data/keycards/images/containers/scatteredPoint_散落物品随机刷新点.webp,265,202605231600
15050400016,Relink植入手术室,5,,774727,20,巴克什,巴克什-巴别塔,bks,巴克什,Relink植入手术室 (可透门玻璃),保险箱 x1; 待破译笔记本电脑 x1; 医疗物资堆 x1; 散落物品随机刷新点 x5,"{""strongBox"":1,""decipherLaptop"":1,""medicalSuppliesPile"":1,""scatteredPoint"":5}",0,2,4,,77473,154945,https://playerhub.df.qq.com/playerhub/60004/object/key/巴克什白卡.png,data/keycards/images/keycards/15050400016_Relink植入手术室.png,http://kkrb&kkrb725/example.webp|http://kkrb&kkrb725/example2.webp,data/keycards/images/containers/strongBox_保险箱.webp|data/keycards/images/containers/decipherLaptop_待破译笔记本电脑.webp|data/keycards/images/containers/medicalSuppliesPile_医疗物资堆.webp|data/keycards/images/containers/scatteredPoint_散落物品随机刷新点.webp,265,202605231600
15050400017,医疗会议室,5,,638865,20,巴克什,巴克什-巴别塔,bks,巴克什,医疗会议室 (可透门玻璃),保险箱 x1; 收纳盒 x1; 一件衣服 x1; 散落物品随机刷新点 x10,"{""strongBox"":1,""storageBox"":1,""clothing"":1,""scatteredPoint"":10}",0,2,4,,63886,127773,https://playerhub.df.qq.com/playerhub/60004/object/key/巴克什白卡.png,data/keycards/images/keycards/15050400017_医疗会议室.png,http://kkrb&kkrb725/example.webp|http://kkrb&kkrb725/example2.webp,data/keycards/images/containers/strongBox_保险箱.webp|data/keycards/images/containers/storageBox_收纳盒.webp|data/keycards/images/containers/clothing_一件衣服.webp|data/keycards/images/containers/scatteredPoint_散落物品随机刷新点.webp,265,202605231600
15050400018,门诊室,5,,289319,20,巴克什,巴克什-巴别塔,bks,巴克什,门诊室 (可透玻璃),手提箱 x1; 高级旅行箱 x1; 散落物品随机刷新点 x6,"{""suitcase"":1,""advancedSuitcase"":1,""scatteredPoint"":6}",0,2,4,,28932,57864,https://playerhub.df.qq.com/playerhub/60004/object/key/巴克什白卡.png,data/keycards/images/keycards/15050400018_门诊室.png,http://kkrb&kkrb725/example.webp|http://kkrb&kkrb725/example2.webp,data/keycards/images/containers/suitcase_手提箱.webp|data/keycards/images/containers/advancedSuitcase_高级旅行箱.webp|data/keycards/images/containers/scatteredPoint_散落物品随机刷新点.webp,265,202605231600
15050300021,雷达侧门钥匙,3,,240000,20,长弓溪谷,长弓溪谷-哈夫克雷达站,cgxg,长弓溪谷,雷达侧门钥匙,仅开门 x1,"{""openDoor"":1}",1,2,0,12000,24000,,https://playerhub.df.qq.com/playerhub/60004/object/key/长弓溪谷白卡.png,data/keycards/images/keycards/15050300021_雷达侧门钥匙.png,./image/map/keycard_room/room/15050300021_p2.webp,data/keycards/images/containers/openDoor_仅开门.webp,265,202605231600
15050300014,雷达站控制室,5,,737863,20,长弓溪谷,长弓溪谷-哈夫克雷达站,cgxg,长弓溪谷,雷达站控制室,一件衣服 x1; 储物柜 x4; 电脑机箱 x1; 散落物品随机刷新点 x2,"{""clothing"":1,""storageCabinet"":4,""computerCase"":1,""scatteredPoint"":2}",1,2,0,36893,73786,,https://playerhub.df.qq.com/playerhub/60004/object/key/长弓溪谷白卡.png,data/keycards/images/keycards/15050300014_雷达站控制室.png,./image/map/keycard_room/room/15050300014_p2.webp,data/keycards/images/containers/clothing_一件衣服.webp|data/keycards/images/containers/storageCabinet_储物柜.webp|data/keycards/images/containers/computerCase_电脑机箱.webp|data/keycards/images/containers/scatteredPoint_散落物品随机刷新点.webp,265,202605231600
15050300015,雷达站数据中心,5,,894113,20,长弓溪谷,长弓溪谷-哈夫克雷达站,cgxg,长弓溪谷,雷达站数据中心,服务器 x3; 散落物品随机刷新点 x1,"{""server"":3,""scatteredPoint"":1}",1,2,0,44706,89411,,https://playerhub.df.qq.com/playerhub/60004/object/key/长弓溪谷白卡.png,data/keycards/images/keycards/15050300015_雷达站数据中心.png,./image/map/keycard_room/room/15050300015_p2.webp,data/keycards/images/containers/server_服务器.webp|data/keycards/images/containers/scatteredPoint_散落物品随机刷新点.webp,265,202605231600
15050300013,雷达站无人机平台,6,1,3928129,20,长弓溪谷,长弓溪谷-哈夫克雷达站,cgxg,长弓溪谷,雷达站无人机平台,保险箱 x1; 航空储物箱 x2; 散落物品随机刷新点 x7,"{""strongBox"":1,""aviationStorageBox"":2,""scatteredPoint"":7}",1,2,0,196406,392813,,https://playerhub.df.qq.com/playerhub/60004/object/key/长弓溪谷金卡.png,data/keycards/images/keycards/15050300013_雷达站无人机平台.png,./image/map/keycard_room/room/15050300013_p2.webp,data/keycards/images/containers/strongBox_保险箱.webp|data/keycards/images/containers/aviationStorageBox_航空储物箱.webp|data/keycards/images/containers/scatteredPoint_散落物品随机刷新点.webp,265,202605231600
15050300017,雷达站会议室,4,,442213,20,长弓溪谷,长弓溪谷-哈夫克雷达站,cgxg,长弓溪谷,雷达站会议室,手提箱 x1; 散落物品随机刷新点 x8,"{""suitcase"":1,""scatteredPoint"":8}",1,2,0,22111,44221,,https://playerhub.df.qq.com/playerhub/60004/object/key/长弓溪谷白卡.png,data/keycards/images/keycards/15050300017_雷达站会议室.png,./image/map/keycard_room/room/15050300017_p2.webp,data/keycards/images/containers/suitcase_手提箱.webp|data/keycards/images/containers/scatteredPoint_散落物品随机刷新点.webp,265,202605231600
15050300019,实验楼资料室,5,,1017048,20,长弓溪谷,长弓溪谷-哈夫克雷达站,cgxg,长弓溪谷,实验楼资料室 (可透玻璃),服务器 x3; 散落物品随机刷新点 x3,"{""server"":3,""scatteredPoint"":3}",1,2,0,50852,101705,,https://playerhub.df.qq.com/playerhub/60004/object/key/长弓溪谷白卡.png,data/keycards/images/keycards/15050300019_实验楼资料室.png,./image/map/keycard_room/room/15050300019_p2.webp,data/keycards/images/containers/server_服务器.webp|data/keycards/images/containers/scatteredPoint_散落物品随机刷新点.webp,265,202605231600
15050300020,实验楼办公室,5,,695687,20,长弓溪谷,长弓溪谷-哈夫克雷达站,cgxg,长弓溪谷,实验楼办公室,手提箱 x1; 电脑机箱 x1; 一件衣服 x2; 散落物品随机刷新点 x2,"{""suitcase"":1,""computerCase"":1,""clothing"":2,""scatteredPoint"":2}",1,2,0,34784,69569,,https://playerhub.df.qq.com/playerhub/60004/object/key/长弓溪谷白卡.png,data/keycards/images/keycards/15050300020_实验楼办公室.png,./image/map/keycard_room/room/15050300020_p2.webp,data/keycards/images/containers/suitcase_手提箱.webp|data/keycards/images/containers/computerCase_电脑机箱.webp|data/keycards/images/containers/clothing_一件衣服.webp|data/keycards/images/containers/scatteredPoint_散落物品随机刷新点.webp,265,202605231600
15050300026,小镇餐厅,4,,528046,20,长弓溪谷,长弓溪谷-阿米亚小镇,cgxg,长弓溪谷,小镇餐厅,小保险箱 x1; 手提箱 x1; 散落物品随机刷新点 x2,"{""smallStrongBox"":1,""suitcase"":1,""scatteredPoint"":2}",1,2,0,26402,52805,,https://playerhub.df.qq.com/playerhub/60004/object/key/长弓溪谷白卡.png,data/keycards/images/keycards/15050300026_小镇餐厅.png,./image/map/keycard_room/room/15050300026_p1.webp|./image/map/keycard_room/room/15050300026_p2.webp,data/keycards/images/containers/smallStrongBox_小保险箱.webp|data/keycards/images/containers/suitcase_手提箱.webp|data/keycards/images/containers/scatteredPoint_散落物品随机刷新点.webp,265,202605231600
15050300001,酒店国王房,6,1,4844331,20,长弓溪谷,长弓溪谷-钻石皇后酒店,cgxg,长弓溪谷,酒店国王房 (可透玻璃),保险箱 x2; 手提箱 x1; 登山包 x1; 散落物品随机刷新点 x9,"{""strongBox"":2,""suitcase"":1,""mountaineeringBag"":1,""scatteredPoint"":9}",1,2,0,242217,484433,,https://playerhub.df.qq.com/playerhub/60004/object/key/长弓溪谷金卡.png,data/keycards/images/keycards/15050300001_酒店国王房.png,./image/map/keycard_room/room/15050300001_p1.webp|./image/map/keycard_room/room/15050300001_p2.webp,data/keycards/images/containers/strongBox_保险箱.webp|data/keycards/images/containers/suitcase_手提箱.webp|data/keycards/images/containers/mountaineeringBag_登山包.webp|data/keycards/images/containers/scatteredPoint_散落物品随机刷新点.webp,265,202605231600
15050300033,铁脊车站售票室,3,,37800,20,长弓溪谷,长弓溪谷-小火车站,cgxg,长弓溪谷,铁脊车站售票室 (可透玻璃),电脑机箱 x1; 手提箱 x1; 储物柜 x1; 散落物品随机刷新点 x2,"{""computerCase"":1,""suitcase"":1,""storageCabinet"":1,""scatteredPoint"":2}",1,2,0,1890,3780,,https://playerhub.df.qq.com/playerhub/60004/object/key/长弓溪谷白卡.png,data/keycards/images/keycards/15050300033_铁脊车站售票室.png,./image/map/keycard_room/room/15050300033_p1.webp|./image/map/keycard_room/room/15050300033_p2.webp,data/keycards/images/containers/computerCase_电脑机箱.webp|data/keycards/images/containers/suitcase_手提箱.webp|data/keycards/images/containers/storageCabinet_储物柜.webp|data/keycards/images/containers/scatteredPoint_散落物品随机刷新点.webp,265,202605231600
15050300029,检查站库房,3,,239400,20,长弓溪谷,长弓溪谷-检查站,cgxg,长弓溪谷,检查站库房,高级储物箱 x2; 一件衣服 x1; 散落物品随机刷新点 x2,"{""advancedStorageBin"":2,""clothing"":1,""scatteredPoint"":2}",1,2,0,11970,23940,,https://playerhub.df.qq.com/playerhub/60004/object/key/长弓溪谷白卡.png,data/keycards/images/keycards/15050300029_检查站库房.png,./image/map/keycard_room/room/15050300029_p1.webp|./image/map/keycard_room/room/15050300029_p2.webp,data/keycards/images/containers/advancedStorageBin_高级储物箱.webp|data/keycards/images/containers/clothing_一件衣服.webp|data/keycards/images/containers/scatteredPoint_散落物品随机刷新点.webp,265,202605231600
15050300011,酒店方片房,5,,913734,20,长弓溪谷,长弓溪谷-钻石皇后酒店,cgxg,长弓溪谷,酒店方片房 (可透玻璃),高级旅行箱 x2; 手提箱 x1; 散落物品随机刷新点 x6,"{""advancedSuitcase"":2,""suitcase"":1,""scatteredPoint"":6}",1,2,0,45687,91373,,https://playerhub.df.qq.com/playerhub/60004/object/key/长弓溪谷白卡.png,data/keycards/images/keycards/15050300011_酒店方片房.png,./image/map/keycard_room/room/15050300011_p1.webp|./image/map/keycard_room/room/15050300011_p2.webp,data/keycards/images/containers/advancedSuitcase_高级旅行箱.webp|data/keycards/images/containers/suitcase_手提箱.webp|data/keycards/images/containers/scatteredPoint_散落物品随机刷新点.webp,265,202605231600
15050300008,酒店黑桃房,5,,1553043,20,长弓溪谷,长弓溪谷-钻石皇后酒店,cgxg,长弓溪谷,酒店黑桃房 (可透玻璃),待破译笔记本电脑 x1; 电脑机箱 x1; 一件衣服 x1; 军用医疗包 x1; 散落物品随机刷新点 x5,"{""decipherLaptop"":1,""computerCase"":1,""clothing"":1,""militaryMedicalKit"":1,""scatteredPoint"":5}",1,2,0,77652,155304,,https://playerhub.df.qq.com/playerhub/60004/object/key/长弓溪谷白卡.png,data/keycards/images/keycards/15050300008_酒店黑桃房.png,./image/map/keycard_room/room/15050300008_p1.webp|./image/map/keycard_room/room/15050300008_p2.webp,data/keycards/images/containers/decipherLaptop_待破译笔记本电脑.webp|data/keycards/images/containers/computerCase_电脑机箱.webp|data/keycards/images/containers/clothing_一件衣服.webp|data/keycards/images/containers/militaryMedicalKit_军用医疗包.webp|data/keycards/images/containers/scatteredPoint_散落物品随机刷新点.webp,265,202605231600
15050300031,牧场管理房,3,,42000,20,长弓溪谷,长弓溪谷-沙径牧场,cgxg,长弓溪谷,牧场管理房 (可透窗口),储物柜 x1; 军用医疗包 x1; 一件衣服 x1; 散落物品随机刷新点 x6,"{""storageCabinet"":1,""militaryMedicalKit"":1,""clothing"":1,""scatteredPoint"":6}",1,2,0,2100,4200,,https://playerhub.df.qq.com/playerhub/60004/object/key/长弓溪谷白卡.png,data/keycards/images/keycards/15050300031_牧场管理房.png,./image/map/keycard_room/room/15050300031_p1.webp|./image/map/keycard_room/room/15050300031_p2.webp,data/keycards/images/containers/storageCabinet_储物柜.webp|data/keycards/images/containers/militaryMedicalKit_军用医疗包.webp|data/keycards/images/containers/clothing_一件衣服.webp|data/keycards/images/containers/scatteredPoint_散落物品随机刷新点.webp,265,202605231600
15050300005,酒店王子房,5,,1559883,20,长弓溪谷,长弓溪谷-钻石皇后酒店,cgxg,长弓溪谷,酒店王子房 (可透玻璃),待破译笔记本电脑 x1; 电脑机箱 x2; 手提箱 x1; 散落物品随机刷新点 x5,"{""decipherLaptop"":1,""computerCase"":2,""suitcase"":1,""scatteredPoint"":5}",1,2,0,77994,155988,,https://playerhub.df.qq.com/playerhub/60004/object/key/长弓溪谷白卡.png,data/keycards/images/keycards/15050300005_酒店王子房.png,./image/map/keycard_room/room/15050300005_p1.webp|./image/map/keycard_room/room/15050300005_p2.webp,data/keycards/images/containers/decipherLaptop_待破译笔记本电脑.webp|data/keycards/images/containers/computerCase_电脑机箱.webp|data/keycards/images/containers/suitcase_手提箱.webp|data/keycards/images/containers/scatteredPoint_散落物品随机刷新点.webp,265,202605231600
15050300032,酒店将军房,5,,604076,20,长弓溪谷,长弓溪谷-钻石皇后酒店,cgxg,长弓溪谷,酒店将军房 (可透玻璃),待破译笔记本电脑 x1; 登山包 x1; 散落物品随机刷新点 x4,"{""decipherLaptop"":1,""mountaineeringBag"":1,""scatteredPoint"":4}",1,2,0,30204,60408,,https://playerhub.df.qq.com/playerhub/60004/object/key/长弓溪谷白卡.png,data/keycards/images/keycards/15050300032_酒店将军房.png,./image/map/keycard_room/room/15050300032_p1.webp|./image/map/keycard_room/room/15050300032_p2.webp,data/keycards/images/containers/decipherLaptop_待破译笔记本电脑.webp|data/keycards/images/containers/mountaineeringBag_登山包.webp|data/keycards/images/containers/scatteredPoint_散落物品随机刷新点.webp,265,202605231600
15050300025,运输机会议室,4,,487030,20,长弓溪谷,长弓溪谷-坠机之地,cgxg,长弓溪谷,运输机会议室,军用医疗包 x2; 手提箱 x1; 一件衣服 x1; 散落物品随机刷新点 x1,"{""militaryMedicalKit"":2,""suitcase"":1,""clothing"":1,""scatteredPoint"":1}",1,2,0,24352,48703,,https://playerhub.df.qq.com/playerhub/60004/object/key/长弓溪谷白卡.png,data/keycards/images/keycards/15050300025_运输机会议室.png,./image/map/keycard_room/room/15050300025_p1.webp|./image/map/keycard_room/room/15050300025_p2.webp,data/keycards/images/containers/militaryMedicalKit_军用医疗包.webp|data/keycards/images/containers/suitcase_手提箱.webp|data/keycards/images/containers/clothing_一件衣服.webp|data/keycards/images/containers/scatteredPoint_散落物品随机刷新点.webp,265,202605231600
15050100008,变电站技术室,6,,3803547,20,零号大坝,零号大坝-大变电站,db,零号大坝,变电站技术室,保险箱 x1; 一件衣服 x2; 服务器 x2; 散落物品随机刷新点 x2,"{""strongBox"":1,""clothing"":2,""server"":2,""scatteredPoint"":2}",1,2,0,190177,380355,,https://playerhub.df.qq.com/playerhub/60004/object/key/零号大坝白卡.png,data/keycards/images/keycards/15050100008_变电站技术室.png,./image/map/keycard_room/room/15050100008_p1.webp|./image/map/keycard_room/room/15050100008_p2.webp,data/keycards/images/containers/strongBox_保险箱.webp|data/keycards/images/containers/clothing_一件衣服.webp|data/keycards/images/containers/server_服务器.webp|data/keycards/images/containers/scatteredPoint_散落物品随机刷新点.webp,265,202605231600
15050100009,变电站宿舍,3,,37800,20,零号大坝,零号大坝-变电站,db,零号大坝,变电站宿舍,储物柜 x1; 散落物品随机刷新点 x3,"{""storageCabinet"":1,""scatteredPoint"":3}",1,2,0,1890,3780,,https://playerhub.df.qq.com/playerhub/60004/object/key/零号大坝白卡.png,data/keycards/images/keycards/15050100009_变电站宿舍.png,./image/map/keycard_room/room/15050100009_p1.webp|./image/map/keycard_room/room/15050100009_p2.webp,data/keycards/images/containers/storageCabinet_储物柜.webp|data/keycards/images/containers/scatteredPoint_散落物品随机刷新点.webp,265,202605231600
15050100019,东楼经理室,6,1,4290357,20,零号大坝,零号大坝-行政楼,db,零号大坝,东楼经理室,保险箱 x2; 手提箱 x2; 大武器箱 x1; 待破译笔记本电脑 x1; 散落物品随机刷新点 x1,"{""strongBox"":2,""suitcase"":2,""largeWeaponBox"":1,""decipherLaptop"":1,""scatteredPoint"":1}",1,2,0,214518,429036,,https://playerhub.df.qq.com/playerhub/60004/object/key/零号大坝金卡.png,data/keycards/images/keycards/15050100019_东楼经理室.png,./image/map/keycard_room/room/15050100019_p1.webp|./image/map/keycard_room/room/15050100019_p2.webp,data/keycards/images/containers/strongBox_保险箱.webp|data/keycards/images/containers/suitcase_手提箱.webp|data/keycards/images/containers/largeWeaponBox_大武器箱.webp|data/keycards/images/containers/decipherLaptop_待破译笔记本电脑.webp|data/keycards/images/containers/scatteredPoint_散落物品随机刷新点.webp,265,202605231600
15050100016,设备领用室,5,,303605,20,零号大坝,零号大坝-行政楼,db,零号大坝,设备领用室 (可透玻璃),电脑机箱 x1; 散落物品随机刷新点 x3,"{""computerCase"":1,""scatteredPoint"":3}",1,2,0,15180,30360,,https://playerhub.df.qq.com/playerhub/60004/object/key/零号大坝白卡.png,data/keycards/images/keycards/15050100016_设备领用室.png,./image/map/keycard_room/room/15050100016_p1.webp|./image/map/keycard_room/room/15050100016_p2.webp,data/keycards/images/containers/computerCase_电脑机箱.webp|data/keycards/images/containers/scatteredPoint_散落物品随机刷新点.webp,265,202605231600
15050100004,军营保管室,4,,415341,20,零号大坝,零号大坝-反叛军军营,db,零号大坝,军营保管室,服务器 x1; 电脑机箱 x1; 散落物品随机刷新点 x1,"{""server"":1,""computerCase"":1,""scatteredPoint"":1}",1,2,0,20767,41534,,https://playerhub.df.qq.com/playerhub/60004/object/key/零号大坝白卡.png,data/keycards/images/keycards/15050100004_军营保管室.png,./image/map/keycard_room/room/15050100004_p1.webp|./image/map/keycard_room/room/15050100004_p2.webp,data/keycards/images/containers/server_服务器.webp|data/keycards/images/containers/computerCase_电脑机箱.webp|data/keycards/images/containers/scatteredPoint_散落物品随机刷新点.webp,265,202605231600
15050100006,售票办公室,4,,475982,20,零号大坝,零号大坝-游客中心,db,零号大坝,售票办公室,小保险箱 x1; 高级旅行箱 x1; 散落物品随机刷新点 x1,"{""smallStrongBox"":1,""advancedSuitcase"":1,""scatteredPoint"":1}",1,2,0,23799,47598,,https://playerhub.df.qq.com/playerhub/60004/object/key/零号大坝白卡.png,data/keycards/images/keycards/15050100006_售票办公室.png,./image/map/keycard_room/room/15050100006_p1.webp|./image/map/keycard_room/room/15050100006_p2.webp,data/keycards/images/containers/smallStrongBox_小保险箱.webp|data/keycards/images/containers/advancedSuitcase_高级旅行箱.webp|data/keycards/images/containers/scatteredPoint_散落物品随机刷新点.webp,265,202605231600
15050100001,水泥厂办公室,4,,435069,20,零号大坝,零号大坝-水泥厂,db,零号大坝,水泥厂办公室,一件衣服 x1; 电脑机箱 x1; 储物柜 x1; 散落物品随机刷新点 x1,"{""clothing"":1,""computerCase"":1,""storageCabinet"":1,""scatteredPoint"":1}",1,2,0,21753,43507,,https://playerhub.df.qq.com/playerhub/60004/object/key/零号大坝白卡.png,data/keycards/images/keycards/15050100001_水泥厂办公室.png,./image/map/keycard_room/room/15050100001_p1.webp|./image/map/keycard_room/room/15050100001_p2.webp,data/keycards/images/containers/clothing_一件衣服.webp|data/keycards/images/containers/computerCase_电脑机箱.webp|data/keycards/images/containers/storageCabinet_储物柜.webp|data/keycards/images/containers/scatteredPoint_散落物品随机刷新点.webp,265,202605231600
15050100003,水泥厂宿舍201,4,,360999,20,零号大坝,零号大坝-水泥厂,db,零号大坝,水泥厂宿舍201,电脑机箱 x1; 一件衣服 x1; 高级旅行箱 x1; 散落物品随机刷新点 x1,"{""computerCase"":1,""clothing"":1,""advancedSuitcase"":1,""scatteredPoint"":1}",1,2,0,18050,36100,,https://playerhub.df.qq.com/playerhub/60004/object/key/零号大坝白卡.png,data/keycards/images/keycards/15050100003_水泥厂宿舍201.png,./image/map/keycard_room/room/15050100003_p1.webp|./image/map/keycard_room/room/15050100003_p2.webp,data/keycards/images/containers/computerCase_电脑机箱.webp|data/keycards/images/containers/clothing_一件衣服.webp|data/keycards/images/containers/advancedSuitcase_高级旅行箱.webp|data/keycards/images/containers/scatteredPoint_散落物品随机刷新点.webp,265,202605231600
15050100014,西楼监视室,5,,394374,20,零号大坝,零号大坝-行政楼,db,零号大坝,西楼监视室,电脑机箱 x3; 散落物品随机刷新点 x2,"{""computerCase"":3,""scatteredPoint"":2}",1,2,0,19719,39437,,https://playerhub.df.qq.com/playerhub/60004/object/key/零号大坝白卡.png,data/keycards/images/keycards/15050100014_西楼监视室.png,./image/map/keycard_room/room/15050100014_p1.webp|./image/map/keycard_room/room/15050100014_p2.webp,data/keycards/images/containers/computerCase_电脑机箱.webp|data/keycards/images/containers/scatteredPoint_散落物品随机刷新点.webp,265,202605231600
15050100013,西楼调控房,5,,632206,20,零号大坝,零号大坝-行政楼,db,零号大坝,西楼调控房 (可透玻璃),待破译笔记本电脑 x1; 服务器 x2; 一件衣服 x1; 散落物品随机刷新点 x2,"{""decipherLaptop"":1,""server"":2,""clothing"":1,""scatteredPoint"":2}",1,2,0,31610,63221,,https://playerhub.df.qq.com/playerhub/60004/object/key/零号大坝白卡.png,data/keycards/images/keycards/15050100013_西楼调控房.png,./image/map/keycard_room/room/15050100013_p1.webp|./image/map/keycard_room/room/15050100013_p2.webp,data/keycards/images/containers/decipherLaptop_待破译笔记本电脑.webp|data/keycards/images/containers/server_服务器.webp|data/keycards/images/containers/clothing_一件衣服.webp|data/keycards/images/containers/scatteredPoint_散落物品随机刷新点.webp,265,202605231600
15050100011,西楼医务室,3,,124950,20,零号大坝,零号大坝-行政楼,db,零号大坝,西楼医务室,军用医疗包 x2; 散落物品随机刷新点 x2,"{""militaryMedicalKit"":2,""scatteredPoint"":2}",1,2,0,6248,12495,,https://playerhub.df.qq.com/playerhub/60004/object/key/零号大坝白卡.png,data/keycards/images/keycards/15050100011_西楼医务室.png,./image/map/keycard_room/room/15050100011_p1.webp|./image/map/keycard_room/room/15050100011_p2.webp,data/keycards/images/containers/militaryMedicalKit_军用医疗包.webp|data/keycards/images/containers/scatteredPoint_散落物品随机刷新点.webp,265,202605231600
15050100007,中心贵宾室,4,,321610,20,零号大坝,零号大坝-游客中心,db,零号大坝,中心贵宾室,高级旅行箱 x1; 手提箱 x1; 散落物品随机刷新点 x3,"{""advancedSuitcase"":1,""suitcase"":1,""scatteredPoint"":3}",1,2,0,16080,32161,,https://playerhub.df.qq.com/playerhub/60004/object/key/零号大坝白卡.png,data/keycards/images/keycards/15050100007_中心贵宾室.png,./image/map/keycard_room/room/15050100007_p1.webp|./image/map/keycard_room/room/15050100007_p2.webp,data/keycards/images/containers/advancedSuitcase_高级旅行箱.webp|data/keycards/images/containers/suitcase_手提箱.webp|data/keycards/images/containers/scatteredPoint_散落物品随机刷新点.webp,265,202605231600
15050100022,地下通道钥匙,4,,212500,20,零号大坝,零号大坝-地下,db,零号大坝,地下通道钥匙,仅开门 x1; 电脑机箱 x1; 散落物品随机刷新点 x3,"{""openDoor"":1,""computerCase"":1,""scatteredPoint"":3}",1,2,0,10625,21250,,https://playerhub.df.qq.com/playerhub/60004/object/key/零号大坝白卡.png,data/keycards/images/keycards/15050100022_地下通道钥匙.png,http://kkrb&kkrb725/example.webp|http://kkrb&kkrb725/example2.webp,data/keycards/images/containers/openDoor_仅开门.webp|data/keycards/images/containers/computerCase_电脑机箱.webp|data/keycards/images/containers/scatteredPoint_散落物品随机刷新点.webp,265,202605231600
